"kabupaten_kota","provinsi","jumlah_panjang_jalan_km","luas_wilayah_km2","jumlah_penduduk","rasio_jumlah_penduduk_panjang_jalan","rasio_luas_wilayah_panjang_jalan"
"Simeulue","ACEH",768,2051.48,40635,52.91015625,2.67119791666667
"Aceh Singkil","ACEH",555,2185,69176,124.641441441441,3.93693693693694
"Aceh Selatan","ACEH",1226,3841.6,234360,191.15823817292,3.13344208809135
"Aceh Tenggara","ACEH",1254,4231.43,8456,6.74322169059011,3.37434609250399
"Aceh Timur","ACEH",1764,6286.01,272663,154.570861678005,3.5634977324263
"Aceh Tengah","ACEH",1144,4318.39,52690,46.0576923076923,3.77481643356643
"Aceh Barat","ACEH",885,2927.95,165529,187.038418079096,3.30841807909604
"Aceh Besar","ACEH",1635,2969,330980,202.434250764526,1.81590214067278
"Pidie","ACEH",1283,3086.95,59273,46.1987529228371,2.40604053000779
"Bireuen","ACEH",1318,1901.2,68129,51.6911987860395,1.44248861911988
"Aceh Utara","ACEH",2186,3236.86,51897,23.7406221408966,1.48072278133577
"Aceh Barat Daya","ACEH",844,1490.6,7900,9.36018957345972,1.76611374407583
"Gayo Lues","ACEH",1115,5719.58,5238,4.69775784753363,5.12966816143498
"Aceh Tamiang","ACEH",1054,1956.72,144537,137.131878557875,1.85647058823529
"Nagan Raya","ACEH",1152,3363.72,106920,92.8125,2.91989583333333
"Aceh Jaya","ACEH",711,3812.99,80829,113.683544303797,5.36285513361463
"Bener Meriah","ACEH",1484,1454.09,128888,86.8517520215633,0.979845013477089
"Pidie Jaya","ACEH",582,1073.6,122362,210.243986254296,1.8446735395189
"Kota Banda Aceh","ACEH",764,61.36,207101,271.074607329843,0.0803141361256545
"Kota Sabang","ACEH",202,153,34409,170.341584158416,0.757425742574257
"Kota Langsa","ACEH",661,262.41,154202,233.285930408472,0.396989409984871
"Kota Lhokseumawe","ACEH",456,181.06,157062,344.434210526316,0.397061403508772
"Kota Subulussalam","ACEH",610,1391,23136,37.927868852459,2.28032786885246
"ACEH","ACEH",23650,57956,2526372,106.82334038055,2.45057082452431
"Jembrana","BALI",1178,841.8,314459,266.943123938879,0.714601018675722
"Tabanan","BALI",1066,1013.88,456173,427.929643527205,0.951106941838649
"Badung","BALI",799,418.62,502399,628.784730913642,0.523929912390488
"Gianyar","BALI",665,368,478119,718.975939849624,0.553383458646617
"Klungkung","BALI",501,315,207924,415.017964071856,0.62874251497006
"Bangli","BALI",1052,490.71,244419,232.337452471483,0.466454372623574
"Buleleng","BALI",1399,1364.73,748223,534.8270192995,0.975503931379557
"Kota Denpasar","BALI",579,127.78,591123,1020.9378238342,0.220690846286701
"BALI","BALI",8685,5780.06,4064589,468.00103626943,0.665522164651698
"Pandeglang","BANTEN",343,2746.89,1270131,3703.00583090379,8.00842565597668
"Lebak","BANTEN",323,3426.56,1351275,4183.51393188854,10.6085448916409
"Tangerang","BANTEN",136,1011.86,2980410,21914.7794117647,7.44014705882353
"Serang","BANTEN",286,1734.28,1324625,4631.55594405594,6.06391608391608
"Kota Tangerang","BANTEN",50,153.93,626029481,12520589.62,3.0786
"Kota Cilegon","BANTEN",50,175.5,378417,7568.34,3.51
"Kota Serang","BANTEN",76,266.71,665680,8758.94736842105,3.50934210526316
"Kota Tangerang Selatan","BANTEN",61,147.19,1362784,22340.7213114754,2.41295081967213
"BANTEN","BANTEN",1326,9662.92,635362803,479157.468325792,7.28726998491704
"Bengkulu Selatan","BENGKULU",1735,1186.1,170299,98.1550432276657,0.683631123919308
"Rejang Lebong","BENGKULU",875,1550.27,271138,309.872,1.77173714285714
"Bengkulu Utara","BENGKULU",1273,4324.6,283690,222.851531814611,3.39717203456402
"Kaur","BENGKULU",773,3025.59,70526,91.2367399741268,3.91408796895213
"Seluma","BENGKULU",947,2470.29,170732,180.28722280887,2.60854276663147
"Lebong","BENGKULU",565,1665,55331,97.9309734513274,2.94690265486726
"Kepahiang","BENGKULU",657,665,60054,91.4063926940639,1.01217656012177
"Bengkulu Tengah","BENGKULU",535,1223.94,114789,214.558878504673,2.28773831775701
"Kota Bengkulu","BENGKULU",1060,151.7,6657751,6280.89716981132,0.14311320754717
"BENGKULU","BENGKULU",9375,20299.19,8044211,858.049173333333,2.16524693333333
"Kulon Progo","D I YOGYAKARTA",811,586.28,413534,509.906288532676,0.722909987669544
"Bantul","D I YOGYAKARTA",786,506.85,948117,1206.25572519084,0.644847328244275
"Sleman","D I YOGYAKARTA",816,574.82,1101052,1349.32843137255,0.704436274509804
"Kota Yogyakarta","D I YOGYAKARTA",233,32.5,398033,1708.29613733906,0.139484978540773
"D I YOGYAKARTA","D I YOGYAKARTA",4361,3185.8,3607107,827.128410914928,0.730520522815868
"Kepulauan Seribu","DKI JAKARTA",NA,10.18,27770,NA,NA
"Kota Jakarta Selatan","DKI JAKARTA",2000,154.32,2230592,1115.296,0.07716
"Kota Jakarta Timur","DKI JAKARTA",1518,182.7,2925442,1927.16864295125,0.120355731225296
"Kota Jakarta Pusat","DKI JAKARTA",692,52.38,1097126,1585.44219653179,0.0756936416184971
"Kota Jakarta Barat","DKI JAKARTA",1182,124.44,2337840,1977.86802030457,0.105279187817259
"Kota Jakarta Utara","DKI JAKARTA",1101,139.99,1619795,1471.20345140781,0.127148047229791
"DKI JAKARTA","DKI JAKARTA",6492,664.01,10238565,1577.10489833641,0.102281269254467
"Boalemo","GORONTALO",704,1521.88,135150,191.974431818182,2.16176136363636
"Gorontalo","GORONTALO",1579,1750.83,379039,240.050031665611,1.10882203926536
"Gorontalo","GORONTALO",1579,1750.83,1120584,709.679544015199,1.10882203926536
"Bone Bolango","GORONTALO",368,1984.31,162303,441.040760869565,5.39214673913043
"Gorontalo Utara","GORONTALO",521,1676.15,113174,217.224568138196,3.21717850287908
"Kota Gorontalo","GORONTALO",277,79.59,191505,691.353790613718,0.287328519855596
"GORONTALO","GORONTALO",4362,11257.07,379039,86.8956900504356,2.58071297569922
"GORONTALO","GORONTALO",4362,11257.07,1120584,256.896836313618,2.58071297569922
"Kerinci","JAMBI",176,3355.27,312089,1773.23295454545,19.0640340909091
"Merangin","JAMBI",382,7679,376804,986.397905759162,20.1020942408377
"Sarolangun","JAMBI",301,6184,257447,855.305647840532,20.5448504983389
"Muaro Jambi","JAMBI",165,5326,381662,2313.10303030303,32.2787878787879
"Tanjung Jabung Timur","JAMBI",182,5445,200630,1102.36263736264,29.9175824175824
"Tanjung Jabung Barat","JAMBI",338,4649.85,303887,899.073964497041,13.7569526627219
"Tebo","JAMBI",227,6461,314858,1387.03964757709,28.4625550660793
"Bungo","JAMBI",196,4659,275317,1404.67857142857,23.7704081632653
"Kota Jambi","JAMBI",87,205.43,579552,6661.51724137931,2.36126436781609
"Kota Sungai Penuh","JAMBI",53,391.5,88747,1674.47169811321,7.38679245283019
"JAMBI","JAMBI",2351,50160.05,3352466,1425.97447894513,21.3356231390898
"Bogor","JAWA BARAT",1962,2710.62,5175547,2637.89347604485,1.38155963302752
"Sukabumi","JAWA BARAT",1798,4145.7,2509539,1395.73915461624,2.30572858731924
"Cianjur","JAWA BARAT",1734,3840.16,2344768,1352.2306805075,2.21462514417532
"Bandung","JAWA BARAT",1394,1767.96,3530349,2532.53156384505,1.26826398852224
"Garut","JAWA BARAT",1205,3074.07,2561078,2125.37593360996,2.55109543568465
"Tasikmalaya","JAWA BARAT",1508,2551.19,1692551,1122.38129973475,1.69177055702918
"Ciamis","JAWA BARAT",965,1414.71,1267650,1313.62694300518,1.4660207253886
"Kuningan","JAWA BARAT",926,1110.56,1146510,1238.13174946004,1.19930885529158
"Cirebon","JAWA BARAT",1410,984.52,1953736,1385.62836879433,0.698241134751773
"Majalengka","JAWA BARAT",1084,1204.24,1296334,1195.88007380074,1.11092250922509
"Sumedang","JAWA BARAT",951,1518.33,1216088,1278.74658254469,1.59656151419558
"Indramayu","JAWA BARAT",1094,2040.11,1892228,1729.64168190128,1.86481718464351
"Subang","JAWA BARAT",1245,1893.95,1453648,1167.58875502008,1.52124497991968
"Purwakarta","JAWA BARAT",841,825.74,961202,1142.92746730083,0.981854934601665
"Karawang","JAWA BARAT",2069,1652.2,2083572,1007.04301594973,0.798550024166264
"Bekasi","JAWA BARAT",1014,1224.88,2916386,2876.12031558185,1.2079684418146
"Bandung Barat","JAWA BARAT",661,1305.77,1739452,2631.54614220877,1.97544629349471
"Pangandaran","JAWA BARAT",589,1010,420167,713.356536502547,1.71477079796265
"Kota Bogor","JAWA BARAT",931,118.5,936146,1005.52738990333,0.127282491944146
"Kota Sukabumi","JAWA BARAT",230,48.25,335950,1460.65217391304,0.209782608695652
"Kota Bandung","JAWA BARAT",1132,167.67,2308597,2039.39664310954,0.148118374558304
"Kota Cirebon","JAWA BARAT",174,37.36,327064,1879.67816091954,0.214712643678161
"Kota Bekasi","JAWA BARAT",335,206.61,2437662,7276.60298507463,0.616746268656716
"Kota Depok","JAWA BARAT",2002,200.29,3677747,1837.03646353646,0.100044955044955
"Kota Cimahi","JAWA BARAT",119,39.27,499401,4196.64705882353,0.33
"Kota Tasikmalaya","JAWA BARAT",491,171.61,651323,1326.52342158859,0.349511201629328
"Kota Banjar","JAWA BARAT",315,113.49,206879,656.75873015873,0.360285714285714
"JAWA BARAT","JAWA BARAT",28177,35377.76,47541574,1687.24754232175,1.25555453029066
"Cilacap","JAWA TENGAH",1519,2124.47,2129490,1401.9025674786,1.39859776168532
"Banyumas","JAWA TENGAH",1719,1335.3,1362850,792.81559045957,0.776788830715532
"Purbalingga","JAWA TENGAH",922,677.55,1017647,1103.73861171367,0.734869848156182
"Banjarnegara","JAWA TENGAH",1086,1023.73,1073590,988.572744014733,0.942661141804788
"Kebumen","JAWA TENGAH",1046,1211.74,1336918,1278.12428298279,1.15845124282983
"Purworejo","JAWA TENGAH",909,1091.49,821142,903.346534653465,1.20075907590759
"Wonosobo","JAWA TENGAH",1141,981.41,802783,703.578439964943,0.860131463628396
"Magelang","JAWA TENGAH",1157,1102.93,1294917,1119.20224719101,0.953267070008643
"Boyolali","JAWA TENGAH",760,1008.45,676251,889.803947368421,1.32690789473684
"Klaten","JAWA TENGAH",784,658.22,1306606,1666.58928571429,0.839566326530612
"Sukoharjo","JAWA TENGAH",683,489.12,898525,1315.55636896047,0.716134699853587
"Wonogiri","JAWA TENGAH",1253,1793.67,1102736,880.076616121309,1.4315003990423
"Karanganyar","JAWA TENGAH",1155,775.44,4570156,3956.84502164502,0.671376623376623
"Sragen","JAWA TENGAH",1152,941.54,1031393,895.306423611111,0.817309027777778
"Grobogan","JAWA TENGAH",1107,2013.86,1263970,1141.79765130985,1.81920505871725
"Blora","JAWA TENGAH",1356,1804.59,837940,617.949852507375,1.3308185840708
"Rembang","JAWA TENGAH",761,887.13,761944,1001.24047306176,1.16574244415243
"Pati","JAWA TENGAH",969,1489.19,1358100,1401.5479876161,1.53683178534572
"Kudus","JAWA TENGAH",703,425.15,786193,1118.3399715505,0.604765291607397
"Jepara","JAWA TENGAH",1004,1059.25,1194602,1189.84262948207,1.05502988047809
"Demak","JAWA TENGAH",500,900.12,1134366,2268.732,1.80024
"Semarang","JAWA TENGAH",886,950.21,938295,1059.0237020316,1.07247178329571
"Temanggung","JAWA TENGAH",750,837.71,820369,1093.82533333333,1.11694666666667
"Kendal","JAWA TENGAH",888,1118.13,1065466,1199.8490990991,1.25915540540541
"Batang","JAWA TENGAH",668,788.65,857034,1282.98502994012,1.18061377245509
"Pekalongan","JAWA TENGAH",764,837,597951,782.658376963351,1.0955497382199
"Pemalang","JAWA TENGAH",893,1118.03,1485030,1662.96752519597,1.25199328107503
"Tegal","JAWA TENGAH",971,876.1,1715181,1766.40679711637,0.90226570545829
"Brebes","JAWA TENGAH",882,1902.37,2327261,2638.6179138322,2.1568820861678
"Kota Magelang","JAWA TENGAH",127,16.06,130037,1023.91338582677,0.126456692913386
"Kota Surakarta","JAWA TENGAH",238,46.01,448283,1883.54201680672,0.193319327731092
"Kota Salatiga","JAWA TENGAH",350,57.36,181893,519.694285714286,0.163885714285714
"Kota Semarang","JAWA TENGAH",948,373.78,1761650,1858.2805907173,0.394282700421941
"Kota Pekalongan","JAWA TENGAH",153,45.25,215575,1408.98692810458,0.295751633986928
"Kota Tegal","JAWA TENGAH",244,39.68,203066,832.237704918033,0.162622950819672
"JAWA TENGAH","JAWA TENGAH",30448,32800.69,39509210,1297.59622963741,1.07726911455596
"Pacitan","JAWA TIMUR",102,1389.92,600937,5891.53921568627,13.6266666666667
"Ponorogo","JAWA TIMUR",42,1305.7,987277,23506.5952380952,31.0880952380952
"Trenggalek","JAWA TIMUR",NA,1147.22,755863,NA,NA
"Tulungagung","JAWA TIMUR",10,1055.65,4863717,486371.7,105.565
"Blitar","JAWA TIMUR",29,1336.48,1290340,44494.4827586207,46.0855172413793
"Kediri","JAWA TIMUR",78,1386.05,1702707,21829.5769230769,17.7698717948718
"Malang","JAWA TIMUR",70,3530.65,2648673,37838.1857142857,50.4378571428571
"Lumajang","JAWA TIMUR",39,1790.9,1041866,26714.5128205128,45.9205128205128
"Jember","JAWA TIMUR",128,3092.34,2436115,19032.1484375,24.15890625
"Banyuwangi","JAWA TIMUR",91,5782.4,1722439,18927.9010989011,63.5428571428571
"Bondowoso","JAWA TIMUR",69,1525.97,764407,11078.3623188406,22.1155072463768
"Situbondo","JAWA TIMUR",17,1669.87,730197,42952.7647058823,98.2276470588235
"Probolinggo","JAWA TIMUR",NA,1696.21,1165564,NA,NA
"Pasuruan","JAWA TIMUR",86,1474.02,1519216,17665.3023255814,17.1397674418605
"Sidoarjo","JAWA TIMUR",29,634.38,1941596,66951.5862068966,21.8751724137931
"Mojokerto","JAWA TIMUR",73,717.83,1106970,15163.9726027397,9.83328767123288
"Jombang","JAWA TIMUR",61,1115.09,1358832,22275.9344262295,18.2801639344262
"Nganjuk","JAWA TIMUR",39,1224.25,1196897,30689.6666666667,31.3910256410256
"Madiun","JAWA TIMUR",NA,1037.58,756987,NA,NA
"Magetan","JAWA TIMUR",39,688.84,677710,17377.1794871795,17.6625641025641
"Ngawi","JAWA TIMUR",NA,1295.98,900498,NA,NA
"Bojonegoro","JAWA TIMUR",48,2198.79,1360120,28335.8333333333,45.808125
"Tuban","JAWA TIMUR",82,1834.15,1305015,15914.8170731707,22.3676829268293
"Lamongan","JAWA TIMUR",56,1782.05,1384336,24720.2857142857,31.8223214285714
"Gresik","JAWA TIMUR",21,1191.25,1266934,60330.1904761905,56.7261904761905
"Bangkalan","JAWA TIMUR",NA,1001.44,916893,NA,NA
"Sampang","JAWA TIMUR",56,1233.08,957034,17089.8928571429,22.0192857142857
"Pamekasan","JAWA TIMUR",55,792.24,931719,16940.3454545455,14.4043636363636
"Sumenep","JAWA TIMUR",28,1998.54,1143968,40856,71.3764285714286
"Kota Kediri","JAWA TIMUR",7,63.4,298062,42580.2857142857,9.05714285714286
"Kota Blitar","JAWA TIMUR",5,32.57,158172,31634.4,6.514
"Kota Malang","JAWA TIMUR",11,145.28,873948,79449.8181818182,13.2072727272727
"Kota Probolinggo","JAWA TIMUR",NA,56.67,233834,NA,NA
"Kota Pasuruan","JAWA TIMUR",1,35.29,210583,210583,35.29
"Kota Mojokerto","JAWA TIMUR",NA,20.21,138764,NA,NA
"Kota Madiun","JAWA TIMUR",NA,33.92,208182,NA,NA
"Kota Surabaya","JAWA TIMUR",12,350.54,3376876,281406.333333333,29.2116666666667
"Kota Batu","JAWA TIMUR",36,136.74,218623,6072.86111111111,3.79833333333333
"JAWA TIMUR","JAWA TIMUR",1421,47803.49,45151871,31774.7156931738,33.6407389162562
"Sambas","KALIMANTAN BARAT",1436,6716.52,610171,424.910167130919,4.67724233983287
"Bengkayang","KALIMANTAN BARAT",1661,5075.48,263126,158.414208308248,3.05567730282962
"Landak","KALIMANTAN BARAT",982,8915.1,372337,379.161914460285,9.07851323828921
"Mempawah","KALIMANTAN BARAT",632,2797.88,245337,388.191455696203,4.4270253164557
"Sanggau","KALIMANTAN BARAT",1196,12857.8,456042,381.30602006689,10.7506688963211
"Ketapang","KALIMANTAN BARAT",374,31240.74,516360,1380.64171122995,83.5313903743316
"Sintang","KALIMANTAN BARAT",135,21638.2,1988325,14728.3333333333,160.282962962963
"Kapuas Hulu","KALIMANTAN BARAT",37,29842,256975,6945.27027027027,806.540540540541
"Sekadau","KALIMANTAN BARAT",811,5444.2,166570,205.388409371147,6.71294697903822
"Melawi","KALIMANTAN BARAT",723,10640.8,216558,299.526970954357,14.7175656984786
"Kayong Utara","KALIMANTAN BARAT",369,4568.26,114292,309.734417344173,12.380108401084
"Kubu Raya","KALIMANTAN BARAT",676,6958.22,614549,909.096153846154,10.293224852071
"Kota Pontianak","KALIMANTAN BARAT",316,107.8,692193,2190.48417721519,0.341139240506329
"Kota Singkawang","KALIMANTAN BARAT",525,504,221287,421.499047619048,0.96
"KALIMANTAN BARAT","KALIMANTAN BARAT",18314,147307,6734122,367.703505514907,8.04340941356339
"Tanah Laut","KALIMANTAN SELATAN",2010,3631.35,318184,158.300497512438,1.80664179104478
"Banjar","KALIMANTAN SELATAN",1001,4668,314290,313.976023976024,4.66333666333666
"Barito Kuala","KALIMANTAN SELATAN",787,2996.46,269946,343.006353240152,3.8074459974587
"Tapin","KALIMANTAN SELATAN",723,2700.82,179122,247.748271092669,3.73557399723375
"Hulu Sungai Selatan","KALIMANTAN SELATAN",996,1804.94,244488,245.469879518072,1.81218875502008
"Hulu Sungai Tengah","KALIMANTAN SELATAN",802,1472,258998,322.940149625935,1.8354114713217
"Hulu Sungai Utara","KALIMANTAN SELATAN",392,892.7,202224,515.877551020408,2.27729591836735
"Tabalong","KALIMANTAN SELATAN",1094,3766.97,199583,182.434186471664,3.44329981718464
"Tanah Bumbu","KALIMANTAN SELATAN",1894,5006.96,290252,153.248152059134,2.64359028511088
"Balangan","KALIMANTAN SELATAN",847,1878.3,122418,144.531286894923,2.21759149940968
"Kota Banjarmasin","KALIMANTAN SELATAN",835,72,649095,777.359281437126,0.0862275449101796
"KALIMANTAN SELATAN","KALIMANTAN SELATAN",13414,38744.23,3577840,266.724317876845,2.88834277620397
"Kotawaringin Barat","KALIMANTAN TENGAH",2480,10759,254636,102.675806451613,4.3383064516129
"Kotawaringin Timur","KALIMANTAN TENGAH",2463,16796,390878,158.699959399107,6.81932602517255
"Kapuas","KALIMANTAN TENGAH",2726,14999,308358,113.117388114453,5.502201027146
"Barito Selatan","KALIMANTAN TENGAH",1240,8830,98783,79.6637096774193,7.12096774193548
"Barito Utara","KALIMANTAN TENGAH",1630,8300,135626,83.2061349693251,5.0920245398773
"Sukamara","KALIMANTAN TENGAH",582,3827,45058,77.4192439862543,6.57560137457045
"Lamandau","KALIMANTAN TENGAH",960,6414,91276,95.0791666666667,6.68125
"Seruyan","KALIMANTAN TENGAH",1359,16404,173476,127.649742457689,12.0706401766004
"Katingan","KALIMANTAN TENGAH",1476,17500,119606,81.0338753387534,11.8563685636856
"Pulang Pisau","KALIMANTAN TENGAH",1535,8997,124936,81.3915309446254,5.86123778501629
"Gunung Mas","KALIMANTAN TENGAH",1361,10804,115071,84.5488611315209,7.93828067597355
"Barito Timur","KALIMANTAN TENGAH",1098,3834,105592,96.1675774134791,3.49180327868852
"Murung Raya","KALIMANTAN TENGAH",1364,23700,45651,33.4684750733138,17.375366568915
"KALIMANTAN TENGAH","KALIMANTAN TENGAH",21542,153564.5,2279920,105.836041221799,7.12860922848389
"Paser","KALIMANTAN TIMUR",124,11096.96,258239,2082.57258064516,89.4916129032258
"Kutai Barat","KALIMANTAN TIMUR",3465,13709.92,86480,24.958152958153,3.95668686868687
"Kutai Kartanegara","KALIMANTAN TIMUR",2817,25988.08,626353,222.347532836351,9.22544550940717
"Kutai Timur","KALIMANTAN TIMUR",2817,31051.71,331326,117.61661341853,11.0229712460064
"Berau","KALIMANTAN TIMUR",2305,21735.19,249881,108.408242950108,9.42958351409978
"Penajam Paser Utara","KALIMANTAN TIMUR",1379,2923.73,182555,132.382160986222,2.12018129079043
"Kota Balikpapan","KALIMANTAN TIMUR",583,512.25,705762,1210.56946826758,0.878644939965695
"Kota Samarinda","KALIMANTAN TIMUR",1031,716.53,610845,592.478176527643,0.694985451018429
"Kota Bontang","KALIMANTAN TIMUR",206,163.14,185284,899.436893203884,0.791941747572815
"KALIMANTAN TIMUR","KALIMANTAN TIMUR",15360,127346.92,3244092,211.20390625,8.29081510416667
"Malinau","KALIMANTAN UTARA",1155,42620.7,57554,49.830303030303,36.901038961039
"Bulungan","KALIMANTAN UTARA",923,13925.72,111997,121.340195016251,15.0874539544962
"Tana Tidung","KALIMANTAN UTARA",396,4828.58,20556,51.9090909090909,12.1933838383838
"Nunukan","KALIMANTAN UTARA",1580,13841.9,158440,100.278481012658,8.76069620253165
"Kota Tarakan","KALIMANTAN UTARA",275,250.8,175454,638.014545454545,0.912
"KALIMANTAN UTARA","KALIMANTAN UTARA",4329,75467.7,524001,121.044352044352,17.4330561330561
"Bangka","KEP. BANGKA BELITUNG",670,2950.68,303416,452.859701492537,4.404
"Belitung","KEP. BANGKA BELITUNG",666,2293.61,162630,244.189189189189,3.44385885885886
"Bangka Barat","KEP. BANGKA BELITUNG",701,2820.61,200207,285.601997146933,4.02369472182596
"Bangka Tengah","KEP. BANGKA BELITUNG",347,2155.77,176571,508.850144092219,6.21259365994236
"Bangka Selatan","KEP. BANGKA BELITUNG",634,3607.08,177508,279.981072555205,5.68940063091483
"Belitung Timur","KEP. BANGKA BELITUNG",481,2506.91,98148,204.049896049896,5.2118711018711
"Kota Pangkal Pinang","KEP. BANGKA BELITUNG",403,89.4,203614,505.245657568238,0.221836228287841
"KEP. BANGKA BELITUNG","KEP. BANGKA BELITUNG",5353,16424.06,1322094,246.981879320007,3.06819727255744
"Karimun","KEPULAUAN RIAU",1055,912.75,233416,221.247393364929,0.865165876777251
"Bintan","KEPULAUAN RIAU",898,1318.21,148618,165.498886414254,1.46793986636971
"Natuna","KEPULAUAN RIAU",725,2009.04,73029,100.729655172414,2.77108965517241
"Lingga","KEPULAUAN RIAU",1178,2266.77,92804,78.7809847198642,1.92425297113752
"Kepulauan Anambas","KEPULAUAN RIAU",376,590.14,45078,119.88829787234,1.56952127659574
"Kota Batam","KEPULAUAN RIAU",918,960.25,881047,959.746187363834,1.04602396514161
"Kota Tanjung Pinang","KEPULAUAN RIAU",534,144.56,255848,479.116104868914,0.270711610486891
"KEPULAUAN RIAU","KEPULAUAN RIAU",5686,8201.72,1729840,304.227928244812,1.44244108336264
"Lampung Barat","LAMPUNG",113,2118.76,289529,2562.20353982301,18.7500884955752
"Tanggamus","LAMPUNG",197,2900.29,3036468,15413.5431472081,14.7222842639594
"Lampung Selatan","LAMPUNG",104,2219.46,536969,5163.16346153846,21.3409615384615
"Lampung Timur","LAMPUNG",135,3864.69,500840,3709.92592592593,28.6273333333333
"Lampung Tengah","LAMPUNG",270,4544,306097,1133.69259259259,16.8296296296296
"Lampung Utara","LAMPUNG",154,2529.54,639844,4154.83116883117,16.4255844155844
"Way Kanan","LAMPUNG",261,3657.49,465125,1782.08812260536,14.0133716475096
"Pesawaran","LAMPUNG",142,1278.21,452932,3189.66197183099,9.00147887323944
"Pringsewu","LAMPUNG",40,614.48,38217,955.425,15.362
"Mesuji","LAMPUNG",41,2205.27,117136,2856.9756097561,53.7870731707317
"Tulang Bawang Barat","LAMPUNG",130,1285.74,183351,1410.39230769231,9.89030769230769
"Pesisir Barat","LAMPUNG",12,2988.07,134053,11171.0833333333,249.005833333333
"Kota Bandar Lampung","LAMPUNG",9,183.31,554270,61585.5555555556,20.3677777777778
"Kota Metro","LAMPUNG",16,73.15,155835,9739.6875,4.571875
"LAMPUNG","LAMPUNG",1693,33553.55,7602582,4490.59775546367,19.8189899586533
"Halmahera Barat","MALUKU UTARA",757,1704.2,3469,4.58256274768824,2.25125495376486
"Halmahera Tengah","MALUKU UTARA",649,2653.76,8424,12.979969183359,4.08899845916795
"Kepulauan Sula","MALUKU UTARA",655,3304.32,8995,13.7328244274809,5.04476335877863
"Halmahera Selatan","MALUKU UTARA",1672,8148.9,3313,1.98145933014354,4.87374401913876
"Halmahera Utara","MALUKU UTARA",691,3896.9,165510,239.522431259045,5.63950795947902
"Halmahera Timur","MALUKU UTARA",1114,6571.37,31758,28.508078994614,5.89889587073609
"Pulau Morotai","MALUKU UTARA",376,2476,506,1.34574468085106,6.58510638297872
"Pulau Taliabu","MALUKU UTARA",467,1469.93,249,0.533190578158458,3.1476017130621
"Kota Ternate","MALUKU UTARA",390,111.39,92749,237.817948717949,0.285615384615385
"Kota Tidore Kepulauan","MALUKU UTARA",583,1645.73,81496,139.78730703259,2.82286449399657
"MALUKU UTARA","MALUKU UTARA",7354,31982.5,396469,53.9120206690237,4.34899374490073
"Kepulauan Tanimbar","MALUKU",61688,52995.29,75771,1.22829399559071,0.85908588380236
"Maluku Tenggara","MALUKU",62238,4212.34,2103,0.0337896461968572,0.0676811594202899
"Maluku Tengah","MALUKU",173185,11595.57,278404,1.60755261714352,0.0669548171030978
"Buru","MALUKU",189906,7597.58,50439,0.265599823070361,0.0400070561225027
"Kepulauan Aru","MALUKU",75260,6426.77,36274,0.481982460802551,0.0853942333244752
"Seram Bagian Barat","MALUKU",82762,6948.4,23992,0.289891496097243,0.0839564051134579
"Maluku Barat Daya","MALUKU",138588,8633.5,2156,0.0155569024735186,0.0622961583975525
"Kota Ambon","MALUKU",44926,35944.62,273707,6.09239638516672,0.800085028713885
"Kota Tual","MALUKU",35393,254.39,8751,0.247252281524595,0.00718757946486593
"MALUKU","MALUKU",1014491,145447.58,751597,0.740861180631469,0.143370005253866
"Lombok Barat","NUSA TENGGARA BARAT",768,896.56,453770,590.846354166667,1.16739583333333
"Lombok Tengah","NUSA TENGGARA BARAT",1010,1095.03,1064394,1053.85544554455,1.08418811881188
"Lombok Timur","NUSA TENGGARA BARAT",1257,1230.76,1286927,1023.80827366746,0.979124900556882
"Sumbawa","NUSA TENGGARA BARAT",1541,6643.98,421710,273.659961064244,4.31147306943543
"Dompu","NUSA TENGGARA BARAT",856,2391.54,115197,134.575934579439,2.79385514018692
"Bima","NUSA TENGGARA BARAT",1321,3405.63,215780,163.34595003785,2.57806964420893
"Sumbawa Barat","NUSA TENGGARA BARAT",485,1849.02,131158,270.428865979381,3.81241237113402
"Lombok Utara","NUSA TENGGARA BARAT",497,776.25,221753,446.183098591549,1.56187122736419
"Kota Mataram","NUSA TENGGARA BARAT",474,61.3,347469,733.056962025316,0.129324894514768
"Kota Bima","NUSA TENGGARA BARAT",295,222.25,52709,178.674576271186,0.753389830508475
"NUSA TENGGARA BARAT","NUSA TENGGARA BARAT",8504,18572.32,4310867,506.92227187206,2.18395108184384
"Sumba Barat","NUSA TENGGARA TIMUR",14,737.42,62835,4488.21428571429,52.6728571428571
"Sumba Timur","NUSA TENGGARA TIMUR",192,7005,170214,886.53125,36.484375
"Kupang","NUSA TENGGARA TIMUR",26,5525.83,74508,2865.69230769231,212.531923076923
"Timor Tengah Selatan","NUSA TENGGARA TIMUR",87,3947,232054,2667.28735632184,45.367816091954
"Timor Tengah Utara","NUSA TENGGARA TIMUR",97,2669.7,226457,2334.60824742268,27.5226804123711
"Belu","NUSA TENGGARA TIMUR",67,1248.94,157966,2357.70149253731,18.6408955223881
"Alor","NUSA TENGGARA TIMUR",151,2928.88,162047,1073.15894039735,19.3965562913907
"Lembata","NUSA TENGGARA TIMUR",60,1266.39,13686,228.1,21.1065
"Flores Timur","NUSA TENGGARA TIMUR",125,1754.98,197723,1581.784,14.03984
"Sikka","NUSA TENGGARA TIMUR",123,1731.91,219785,1786.86991869919,14.0805691056911
"Ende","NUSA TENGGARA TIMUR",141,2068,150670,1068.58156028369,14.6666666666667
"Ngada","NUSA TENGGARA TIMUR",69,1722.24,89469,1296.65217391304,24.96
"Manggarai","NUSA TENGGARA TIMUR",116,1915.62,18268,157.48275862069,16.5139655172414
"Rote Ndao","NUSA TENGGARA TIMUR",54,1284.41,21304,394.518518518519,23.7853703703704
"Manggarai Barat","NUSA TENGGARA TIMUR",92,3141.47,134788,1465.08695652174,34.1464130434783
"Sumba Tengah","NUSA TENGGARA TIMUR",56,1817.88,16698,298.178571428571,32.4621428571429
"Sumba Barat Daya","NUSA TENGGARA TIMUR",38,1445.32,126597,3331.5,38.0347368421053
"Nagekeo","NUSA TENGGARA TIMUR",102,1416.96,80064,784.941176470588,13.8917647058824
"Manggarai Timur","NUSA TENGGARA TIMUR",82,2502.24,16263,198.329268292683,30.5151219512195
"Sabu Raijua","NUSA TENGGARA TIMUR",45,460.47,2775,61.6666666666667,10.2326666666667
"Malaka","NUSA TENGGARA TIMUR",6,1160.61,10287,1714.5,193.435
"Kota Kupang","NUSA TENGGARA TIMUR",110,180.27,361622,3287.47272727273,1.63881818181818
"NUSA TENGGARA TIMUR","NUSA TENGGARA TIMUR",1854,47931.54,2546080,1373.29018338727,25.8530420711974
"Teluk Bintuni","PAPUA BARAT",397,20840.83,4368,11.0025188916877,52.4957934508816
"Manokwari","PAPUA BARAT",419,3186.28,12998,31.0214797136038,7.60448687350835
"Sorong","PAPUA BARAT",460,6544.23,68655,149.25,14.2265869565217
"Raja Ampat","PAPUA BARAT",92,8034.44,5390,58.5869565217391,87.3308695652174
"Manokwari Selatan","PAPUA BARAT",172,2812.44,477,2.77325581395349,16.3513953488372
"Pegunungan Arfak","PAPUA BARAT",157,2773.74,381,2.42675159235669,17.6671337579618
"Kota Sorong","PAPUA BARAT",34,656.64,163817,4818.14705882353,19.3129411764706
"PAPUA BARAT","PAPUA BARAT",3590,102946.15,264330,73.6295264623955,28.6758077994429
"Merauke","PAPUA",1733,4407100,143417,82.7564916330063,2543.04673975765
"Jayawijaya","PAPUA",527,703066,2065,3.91840607210626,1334.09108159393
"Jayapura","PAPUA",811,1115715,116385,143.508014796547,1375.72749691739
"Paniai","PAPUA",299,498951,339,1.13377926421405,1668.73244147157
"Puncak Jaya","PAPUA",234,652525,3214,13.7350427350427,2788.56837606838
"Mimika","PAPUA",927,2163300,70119,75.6407766990291,2333.6569579288
"Boven Digoel","PAPUA",899,1774200,1246,1.38598442714127,1973.52614015573
"Yahukimo","PAPUA",454,1715200,342,0.753303964757709,3777.97356828194
"Tolikara","PAPUA",501,1097709,2430,4.8502994011976,2191.03592814371
"Sarmi","PAPUA",817,2710800,2700,3.30477356181151,3317.99265605875
"Keerom","PAPUA",930,2411800,46952,50.4860215053763,2593.33333333333
"Waropen","PAPUA",494,3198369,1,0.00202429149797571,6474.43117408907
"Supiori","PAPUA",203,67832,532,2.62068965517241,334.147783251232
"Lanny Jaya","PAPUA",236,125300,1001,4.24152542372881,530.932203389831
"Yalimo","PAPUA",249,216800,481,1.93172690763052,870.682730923695
"Dogiyai","PAPUA",267,423740,3793,14.2059925093633,1587.04119850187
"Intan Jaya","PAPUA",410,392202,2500,6.09756097560976,956.590243902439
"Kota Jayapura","PAPUA",353,93592,202549,573.793201133145,265.133144475921
"PAPUA","PAPUA",18885,31903605,600066,31.774741858618,1689.36219221604
"Kuantan Singingi","RIAU",2303,5259.36,193131,83.8606165870603,2.28369952236214
"Indragiri Hulu","RIAU",2126,7723.8,442243,208.016462841016,3.63301975540922
"Indragiri Hilir","RIAU",1634,12614.78,667891,408.746022031824,7.72018359853121
"Pelalawan","RIAU",2334,12758.45,370638,158.799485861183,5.46634532990574
"Siak","RIAU",3163,8275.18,417808,132.092317420171,2.61624407208346
"Kampar","RIAU",2633,10983.47,862532,327.585263957463,4.17146600835549
"Rokan Hulu","RIAU",2322,7588.13,477494,205.6391042205,3.26792850990525
"Bengkalis","RIAU",1443,6975.41,640746,444.037422037422,4.83396396396396
"Rokan Hilir","RIAU",2373,8881.59,336078,141.625790139064,3.74276864728192
"Kepulauan Meranti","RIAU",1061,3707.84,110820,104.44863336475,3.49466540999058
"Kota Pekanbaru","RIAU",1489,632.27,1073780,721.141705842848,0.424627266621894
"Kota Dumai","RIAU",1411,1623.38,277107,196.390503189228,1.15051736357193
"RIAU","RIAU",24292,87023.66,5870268,241.654371809649,3.58239996706735
"Majene","SULAWESI BARAT",761,947.84,99978,131.377135348226,1.24551905387648
"Polewali Mandar","SULAWESI BARAT",1021,1775.65,390074,382.050930460333,1.73912830558276
"Mamasa","SULAWESI BARAT",865,3005.88,14418,16.6682080924855,3.47500578034682
"Mamuju","SULAWESI BARAT",1020,4999.69,67634,66.3078431372549,4.9016568627451
"Pasangkayu","SULAWESI BARAT",1644,3043.75,4731,2.87773722627737,1.85142944038929
"Mamuju Tengah","SULAWESI BARAT",571,3014.37,22974,40.2346760070053,5.27910683012259
"SULAWESI BARAT","SULAWESI BARAT",5880,16787.18,599809,102.008333333333,2.85496258503401
"Kepulauan Selayar","SULAWESI SELATAN",974,1357.03,32277,33.1386036960986,1.3932546201232
"Bulukumba","SULAWESI SELATAN",1383,1284.63,346427,250.489515545915,0.928872017353579
"Bantaeng","SULAWESI SELATAN",643,395.83,170865,265.730948678072,0.615598755832037
"Jeneponto","SULAWESI SELATAN",933,706.52,124471,133.409431939979,0.757256162915327
"Takalar","SULAWESI SELATAN",831,566.61,280414,337.441636582431,0.681841155234657
"Gowa","SULAWESI SELATAN",2761,1883.32,367288,133.027164070989,0.682115175660992
"Sinjai","SULAWESI SELATAN",1388,798.96,233138,167.966858789625,0.575619596541787
"Maros","SULAWESI SELATAN",1175,1619.12,260119,221.377872340426,1.37797446808511
"Barru","SULAWESI SELATAN",803,1174.71,161184,200.727272727273,1.46290161892902
"Bone","SULAWESI SELATAN",2874,4559,410108,142.695894224078,1.58629088378566
"Soppeng","SULAWESI SELATAN",1058,1557,191982,181.457466918715,1.47164461247637
"Wajo","SULAWESI SELATAN",313,2504.06,308930,986.996805111821,8.00019169329073
"Sidenreng Rappang","SULAWESI SELATAN",1439,1883.23,180774,125.624739402363,1.30870743571925
"Pinrang","SULAWESI SELATAN",1010,1961.67,318539,315.385148514851,1.94224752475248
"Enrekang","SULAWESI SELATAN",1293,1784.93,160921,124.455529775715,1.38045630317092
"Luwu","SULAWESI SELATAN",2256,3343.97,244007,108.159131205674,1.48225620567376
"Tana Toraja","SULAWESI SELATAN",1471,1990.22,174501,118.627464309993,1.35297076818491
"Luwu Utara","SULAWESI SELATAN",2241,7502.58,311935,139.194556001785,3.34787148594378
"Luwu Timur","SULAWESI SELATAN",2132,6944.88,251696,118.056285178236,3.25744840525328
"Toraja Utara","SULAWESI SELATAN",536,1215.55,196531,366.662313432836,2.2678171641791
"Kota Makassar","SULAWESI SELATAN",712513,199.36,1292764,1.81437250969456,0.000279798403678249
"Kota Palopo","SULAWESI SELATAN",475,252.99,155948,328.311578947368,0.53261052631579
"SULAWESI SELATAN","SULAWESI SELATAN",1559393,46717.48,6652768,4.26625488250877,0.029958759594278
"Banggai Kepulauan","SULAWESI TENGAH",1008,2488.79,79137,78.5089285714286,2.4690376984127
"Banggai","SULAWESI TENGAH",1886,9672.7,313903,166.43849416755,5.12868504772004
"Morowali","SULAWESI TENGAH",949,3037.04,117240,123.540569020021,3.20025289778714
"Poso","SULAWESI TENGAH",1787,7112.25,204104,114.216004476777,3.9799944040291
"Donggala","SULAWESI TENGAH",1355,4275.08,70542,52.0605166051661,3.1550405904059
"Buol","SULAWESI TENGAH",1369,4043.57,144288,105.396639883126,2.9536669101534
"Parigi Moutong","SULAWESI TENGAH",1716,5089.91,365758,213.145687645688,2.96614801864802
"Sigi","SULAWESI TENGAH",1395,5196.02,57895,41.5017921146953,3.72474551971326
"Banggai Laut","SULAWESI TENGAH",465,725.67,45772,98.4344086021505,1.56058064516129
"Morowali Utara","SULAWESI TENGAH",1264,10004.28,108997,86.2318037974684,7.91477848101266
"Kota Palu","SULAWESI TENGAH",949,395.06,216142,227.757639620653,0.416290832455216
"SULAWESI TENGAH","SULAWESI TENGAH",16908,61841.29,1938237,114.634315117104,3.65751656020819
"Buton","SULAWESI TENGGARA",708,1212.99,38312,54.1129943502825,1.71326271186441
"Muna","SULAWESI TENGGARA",1098,1922.16,179531,163.507285974499,1.75060109289618
"Konawe","SULAWESI TENGGARA",1063,4435.28,22742,21.3941674506115,4.17241768579492
"Kolaka","SULAWESI TENGGARA",1079,3283.59,154575,143.257645968489,3.04317886932345
"Konawe Selatan","SULAWESI TENGGARA",1436,5779.47,241275,168.018802228412,4.02470055710306
"Bombana","SULAWESI TENGGARA",935,3001,107532,115.007486631016,3.2096256684492
"Kolaka Utara","SULAWESI TENGGARA",753,3391.67,33492,44.4780876494024,4.50420982735724
"Buton Utara","SULAWESI TENGGARA",786,1864.91,4073,5.18193384223919,2.37265903307888
"Konawe Utara","SULAWESI TENGGARA",899,5101.76,12638,14.0578420467186,5.6749276974416
"Kolaka Timur","SULAWESI TENGGARA",1148,3634.74,86028,74.9372822299652,3.16614982578397
"Konawe Kepulauan","SULAWESI TENGGARA",271,867.58,1840,6.78966789667897,3.20140221402214
"Muna Barat","SULAWESI TENGGARA",571,1022.89,41433,72.5621716287215,1.79140105078809
"Buton Tengah","SULAWESI TENGGARA",324,958.31,46884,144.703703703704,2.95774691358025
"Buton Selatan","SULAWESI TENGGARA",366,509.92,44865,122.581967213115,1.39322404371585
"Kota Kendari","SULAWESI TENGGARA",614,300.89,229159,373.223127035831,0.490048859934853
"SULAWESI TENGGARA","SULAWESI TENGGARA",13039,38067.7,1273887,97.6982130531483,2.9195260372728
"Bolaang Mongondow","SULAWESI UTARA",826,2871.65,105679,127.940677966102,3.47657384987893
"Minahasa","SULAWESI UTARA",1025,1114.87,71496,69.7521951219512,1.08767804878049
"Kepulauan Sangihe","SULAWESI UTARA",780,461.11,52155,66.8653846153846,0.591166666666667
"Kepulauan Talaud","SULAWESI UTARA",477,1240.4,79509,166.685534591195,2.60041928721174
"Minahasa Selatan","SULAWESI UTARA",940,1409.97,183659,195.381914893617,1.49996808510638
"Minahasa Utara","SULAWESI UTARA",665,918.49,206773,310.936842105263,1.38118796992481
"Bolaang Mongondow Utara","SULAWESI UTARA",505,1680,42039,83.2455445544554,3.32673267326733
"Minahasa Tenggara","SULAWESI UTARA",824,710.83,105845,128.452669902913,0.862657766990291
"Bolaang Mongondow Selatan","SULAWESI UTARA",790,1615.86,43835,55.4873417721519,2.04539240506329
"Bolaang Mongondow Timur","SULAWESI UTARA",693,910.18,19843,28.6334776334776,1.31339105339105
"Kota Manado","SULAWESI UTARA",718,157.27,383666,534.353760445682,0.219038997214485
"Kota Bitung","SULAWESI UTARA",640,302.89,51985,81.2265625,0.473265625
"Kota Tomohon","SULAWESI UTARA",614,114.2,51393,83.7019543973941,0.18599348534202
"Kota Kotamobagu","SULAWESI UTARA",306,108.89,112193,366.643790849673,0.355849673202614
"SULAWESI UTARA","SULAWESI UTARA",10091,13892.47,1554354,154.03369339015,1.37671885838866
"Kepulauan Mentawai","SUMATERA BARAT",1231,6011.35,77589,63.0292445166531,4.88330625507717
"Pesisir Selatan","SUMATERA BARAT",2712,5749.89,373174,137.601032448378,2.12016592920354
"Solok","SUMATERA BARAT",1391,3738,363390,261.243709561467,2.68727534148095
"Sijunjung","SUMATERA BARAT",1255,3130.4,221289,176.325896414343,2.49434262948207
"Tanah Datar","SUMATERA BARAT",1685,1336.1,166281,98.6830860534125,0.792937685459941
"Padang Pariaman","SUMATERA BARAT",2269,1332.51,435930,192.124283825474,0.587267518730718
"Agam","SUMATERA BARAT",2007,1804.3,395882,197.25062282013,0.899003487792725
"Lima Puluh Kota","SUMATERA BARAT",1317,3571.14,372287,282.678056188307,2.71157175398633
"Pasaman","SUMATERA BARAT",1123,3947.63,292824,260.751558325913,3.51525378450579
"Solok Selatan","SUMATERA BARAT",1454,3346.2,108737,74.7847317744154,2.30137551581843
"Dharmasraya","SUMATERA BARAT",1157,2961.13,143405,123.945548833189,2.55931719965428
"Pasaman Barat","SUMATERA BARAT",1090,3887.77,264107,242.3,3.56676146788991
"Kota Padang","SUMATERA BARAT",2202,693.66,678038,307.919164396004,0.315013623978202
"Kota Solok","SUMATERA BARAT",229,71.29,49986,218.279475982533,0.311310043668122
"Kota Padang Panjang","SUMATERA BARAT",126,23,55866,443.380952380952,0.182539682539683
"Kota Bukittinggi","SUMATERA BARAT",167,25.24,83550,500.299401197605,0.151137724550898
"Kota Payakumbuh","SUMATERA BARAT",312,85.22,37357,119.733974358974,0.273141025641026
"Kota Pariaman","SUMATERA BARAT",423,66.13,89621,211.869976359338,0.156335697399527
"SUMATERA BARAT","SUMATERA BARAT",22649,42012.89,4274290,188.718707227692,1.85495562718001
"Ogan Komering Ulu","SUMATERA SELATAN",1199,4797.06,280722,234.130108423686,4.00088407005838
"Ogan Komering Ilir","SUMATERA SELATAN",2226,18359.04,7456368,3349.67115902965,8.24754716981132
"Muara Enim","SUMATERA SELATAN",1735,7383.9,541123,311.886455331412,4.25585014409222
"Lahat","SUMATERA SELATAN",1574,5311.74,119609,75.9904701397713,3.37467598475222
"Musi Rawas","SUMATERA SELATAN",1489,6350.1,337303,226.529885829416,4.26467427803895
"Musi Banyuasin","SUMATERA SELATAN",2388,14266.26,147531,61.7801507537688,5.97414572864322
"Ogan Komering Ulu Selatan","SUMATERA SELATAN",899,5493.94,50983,56.7107897664071,6.11116796440489
"Ogan Komering Ulu Timur","SUMATERA SELATAN",1178,3370,86776,73.6638370118846,2.86078098471986
"Ogan Ilir","SUMATERA SELATAN",1107,2666.09,397121,358.736224028907,2.40839205058717
"Penukal Abab Lematang Ilir","SUMATERA SELATAN",590,1840,1080,1.83050847457627,3.11864406779661
"Musi Rawas Utara","SUMATERA SELATAN",596,6008.55,98348,165.013422818792,10.0814597315436
"Kota Palembang","SUMATERA SELATAN",835,369.22,1558716,1866.72574850299,0.442179640718563
"Kota Prabumulih","SUMATERA SELATAN",421,251.94,149030,353.990498812352,0.598432304038005
"Kota Pagar Alam","SUMATERA SELATAN",680,633.66,133334,196.079411764706,0.931852941176471
"SUMATERA SELATAN","SUMATERA SELATAN",19606,91592.43,12338478,629.321534224217,4.67165306538815
"Nias","SUMATERA UTARA",765,1842.51,99230,129.712418300654,2.40850980392157
"Mandailing Natal","SUMATERA UTARA",2307,6134,139454,60.4482011270048,2.65886432596446
"Tapanuli Selatan","SUMATERA UTARA",1502,6030.47,314481,209.37483355526,4.01496005326232
"Tapanuli Tengah","SUMATERA UTARA",971,2188,315325,324.742533470649,2.25334706488157
"Tapanuli Utara","SUMATERA UTARA",1552,3791.64,241446,155.57087628866,2.44306701030928
"Toba Samosir","SUMATERA UTARA",1001,2328.89,183603,183.41958041958,2.32656343656344
"Asahan","SUMATERA UTARA",1734,3702.21,468128,269.970011534025,2.13506920415225
"Simalungun","SUMATERA UTARA",2182,4369,392180,179.734188817599,2.00229147571036
"Dairi","SUMATERA UTARA",1819,1927.8,329499,181.142935678944,1.05981308411215
"Karo","SUMATERA UTARA",1454,2127,349180,240.151306740028,1.46286107290234
"Deli Serdang","SUMATERA UTARA",3931,2241.68,1383101,351.844568812007,0.570256932078351
"Langkat","SUMATERA UTARA",1813,6262,1015177,559.943188086045,3.45394373965803
"Nias Selatan","SUMATERA UTARA",1008,1825.2,7304,7.24603174603175,1.81071428571429
"Humbang Hasundutan","SUMATERA UTARA",1073,2335.33,150260,140.037278657968,2.17644920782852
"Pakpak Bharat","SUMATERA UTARA",721,1218.3,48343,67.0499306518724,1.68973647711512
"Samosir","SUMATERA UTARA",943,2069.05,109698,116.328738069989,2.1941145281018
"Serdang Bedagai","SUMATERA UTARA",1108,1900.22,778731,702.825812274368,1.715
"Batu Bara","SUMATERA UTARA",772,922.2,392318,508.183937823834,1.19455958549223
"Padang Lawas Utara","SUMATERA UTARA",1601,3918.05,245998,153.652717051843,2.44725171767645
"Padang Lawas","SUMATERA UTARA",1266,3892.74,109629,86.5947867298578,3.07483412322275
"Nias Utara","SUMATERA UTARA",1090,1202.78,127165,116.665137614679,1.10346788990826
"Nias Barat","SUMATERA UTARA",725,473.73,85572,118.030344827586,0.653420689655172
"Kota Sibolga","SUMATERA UTARA",70,41.31,92137,1316.24285714286,0.590142857142857
"Kota Tanjung Balai","SUMATERA UTARA",353,107.83,183950,521.104815864023,0.305467422096317
"Kota Pematang Siantar","SUMATERA UTARA",398,55.66,264129,663.640703517588,0.139849246231156
"Kota Tebing Tinggi","SUMATERA UTARA",273,31,193008,706.989010989011,0.113553113553114
"Kota Medan","SUMATERA UTARA",108,265,3068081,28408.1574074074,2.4537037037037
"Kota Binjai","SUMATERA UTARA",382,59.19,310941,813.98167539267,0.154947643979058
"Kota Padangsidimpuan","SUMATERA UTARA",534,114.66,51609,96.6460674157303,0.214719101123595
"Kota Gunungsitoli","SUMATERA UTARA",509,280.78,42336,83.1748526522593,0.551630648330059
"SUMATERA UTARA","SUMATERA UTARA",40737,72981.23,12515416,307.224783366473,1.79152195792523
