"","kabupaten_kota","makanan_dan_minuman_jadi","roti_tawar","roti_manis_roti_lainnya","kue_kering_biskuit_semprong","kue_basah_kue_lapis_bika_ambon_lemper_dsb","makanan_gorengan","bubur_kacang_hijau","gado_gado_ketoprak_pecel","nasi_campur_rames","nasi_goreng","nasi_putih","lontong_ketupat_sayur","soto_gule_sop_rawon_cincang","sayur_matang_ditumis_disantan_dsb","sate_tongseng","mie_bakso_mie_rebus_mie_goreng","mie_instan","makanan_ringan_anak_anak_krupuk_kripik","ikan_matang","ayam_daging_matang_ayam_goreng_rendang_dsb","daging_olahan_sosis_nugget_daging_asap_dsb_matang","bubur_ayam","siomay_batagor","makanan_jadi_lainnya","air_kemasan","air_kemasan_galon","air_teh_kemasan_minuman_bersoda_mengandung_co2","sari_buah_kemasan_minuman_kesehatan_minuman_berenergi","minuman_jadi_kopi_kopi_susu_teh_susu_coklat_dsb","es_krim","es_lainnya","minuman_keras"
"1","Simeulue",23744,46,348,411,3903,1877,154,54,1277,693,186,2593,203,230,245,2226,495,835,546,229,11,15,164,94,137,1587,78,313,4114,396,286,NA
"2","Aceh Singkil",26997,1077,1093,566,1309,2966,558,611,632,2166,703,922,357,558,579,2820,636,2208,770,487,286,54,270,201,254,1134,118,145,2253,876,356,31
"3","Aceh Selatan",38327,166,1021,710,3243,2531,329,256,8938,991,1261,763,176,406,451,3936,711,2776,961,560,28,11,449,98,237,476,329,425,4892,862,335,0
"4","Aceh Tenggara",28338,254,761,514,1710,2488,363,443,1234,1525,142,2765,227,361,753,2912,443,1207,156,322,630,110,1478,172,466,546,312,613,3634,822,414,559
"5","Aceh Timur",39395,330,790,549,2644,2625,929,227,4189,2833,217,2418,137,181,444,5359,396,1628,198,233,385,171,1062,269,645,748,506,366,7494,1166,258,NA
"6","Aceh Tengah",48300,546,1892,2137,2858,3407,441,622,6242,1894,420,2301,292,296,755,6455,535,3328,506,897,988,178,2681,534,366,881,158,814,4551,1043,281,NA
"7","Aceh Barat",67356,380,1667,850,3996,3559,858,494,12556,4494,820,2162,415,512,973,8064,886,5075,778,1050,137,132,679,1433,634,1703,806,880,7934,1370,2056,NA
"8","Aceh Besar",51446,586,1666,1150,4876,2675,645,347,1691,3406,2181,2031,183,843,718,4899,1144,2282,1633,856,387,294,1982,214,369,1913,692,1017,9363,1167,235,NA
"9","Pidie",53479,435,1365,1479,4955,4343,852,445,4241,4067,285,2044,46,160,1085,7993,879,2610,183,117,400,34,1496,229,436,1016,770,1747,7788,1314,667,NA
"10","Bireuen",56157,185,1261,1575,5058,3410,492,398,6413,2947,619,1905,156,388,704,6471,893,3447,621,865,609,118,2236,949,1015,785,371,997,8952,1399,916,NA
"11","Aceh Utara",32540,273,778,568,2974,2106,610,242,509,2031,834,1541,101,250,232,4703,507,1527,157,184,223,73,2038,157,161,464,264,713,7052,915,354,NA
"12","Aceh Barat Daya",34579,192,767,932,2584,2276,158,209,10221,1140,281,518,171,245,334,4584,418,1185,249,201,177,26,389,182,817,722,413,230,3857,863,238,NA
"13","Gayo Lues",55610,586,1479,1290,2186,4008,928,531,13557,1079,335,6466,176,478,1965,4117,931,4033,252,739,780,58,955,593,234,672,390,411,4636,1456,287,NA
"14","Aceh Tamiang",32408,206,1068,849,1171,2102,232,166,3853,1256,222,3105,278,1243,660,3245,144,1586,1004,1051,924,43,1637,359,229,1396,245,206,2629,815,483,NA
"15","Nagan Raya",58733,473,939,845,3020,3178,1061,619,19016,2823,470,977,158,184,861,7051,1198,2594,110,140,175,59,1018,315,268,955,547,471,6494,1532,1183,NA
"16","Aceh Jaya",57598,314,1507,1830,4935,3645,778,267,6184,3749,926,1281,269,874,582,6664,1835,3234,1198,481,212,3,1245,377,865,904,934,689,9361,1486,970,NA
"17","Bener Meriah",44421,266,1109,1356,4084,4234,301,777,8969,939,805,1434,55,487,318,5434,363,3719,314,148,841,47,1834,79,200,266,186,340,4572,856,88,NA
"18","Pidie Jaya",54615,760,1449,1458,5323,3556,735,729,2956,4107,776,2224,68,85,606,7610,971,2212,237,311,164,65,2189,1463,601,920,855,810,9473,1644,258,NA
"19","Kota Banda Aceh",104906,879,2290,1499,5459,2309,440,726,19184,6117,1004,4719,1051,1186,2128,8264,554,2841,3281,3737,349,866,2489,4524,2457,4210,1682,1380,13975,1318,3986,NA
"20","Kota Sabang",69934,338,1163,1878,6490,3279,583,658,10050,3529,500,3278,421,1552,696,6336,496,4090,2023,1048,697,548,2502,880,1208,2430,595,1260,9138,1076,1192,NA
"21","Kota Langsa",57622,412,999,1181,2047,2215,614,655,8924,2862,600,3430,454,1816,1794,5462,342,3010,2251,1924,1420,368,1220,620,467,2626,572,981,5693,1220,1442,NA
"22","Kota Lhokseumawe",62012,737,1597,1121,3688,3247,847,884,6821,4121,482,3352,715,1143,1356,6411,715,2285,1167,1598,642,479,2610,1308,434,2745,422,731,7488,1119,1747,NA
"23","Kota Subulussalam",27540,392,1014,474,1201,2467,397,326,2427,1186,300,2247,320,143,878,3638,305,2481,152,483,536,14,463,275,109,534,229,234,2654,1036,624,NA
"24","Nias",9643,76,181,168,1315,931,219,23,101,327,80,88,22,152,1,1698,661,584,89,142,8,18,7,91,295,172,135,127,1319,207,96,313
"25","Mandailing Natal",32163,465,1694,743,1035,3206,405,1237,1986,1081,147,2849,859,304,1769,2262,493,2893,271,378,624,34,383,170,178,352,280,475,4508,675,406,3
"26","Tapanuli Selatan",29895,324,1453,872,1140,2733,778,999,933,922,862,2412,915,450,919,1723,568,2080,281,738,460,83,330,420,117,199,66,258,5410,712,404,335
"27","Tapanuli Tengah",30018,275,1122,831,1295,2233,205,725,2632,814,1656,2224,609,747,512,2585,203,2339,1386,1421,258,24,198,485,168,403,278,354,2796,461,379,399
"28","Tapanuli Utara",26370,285,911,794,696,1344,145,363,8637,593,156,830,90,120,525,1742,51,1730,161,393,60,18,66,1272,165,90,52,78,2548,272,67,2120
"29","Toba Samosir",37673,401,1394,1297,818,2152,432,422,3838,842,1255,607,495,675,621,5555,263,2030,1422,1647,357,112,236,830,272,342,154,514,4132,710,78,3769
"30","Labuhan Batu",30876,302,879,1206,976,1891,311,375,3746,1808,292,1794,376,528,441,4049,327,1776,606,451,415,77,773,737,232,1482,181,404,2554,667,1019,205
"31","Asahan",33239,393,1079,948,1024,2249,330,468,6198,1283,356,1673,615,885,438,4028,298,2395,640,921,626,113,323,1055,102,1292,234,228,1164,675,1117,91
"32","Simalungun",32320,307,1568,907,1143,2089,351,508,3895,755,573,1827,348,605,273,4299,201,1989,789,922,732,72,383,634,187,199,269,338,3753,758,525,1119
"33","Dairi",26088,484,983,839,808,1636,250,287,5017,522,126,488,303,118,615,3381,131,1710,223,294,45,37,178,1300,59,59,111,299,2739,421,225,2399
"34","Karo",60451,863,2491,1392,1779,2938,741,579,7319,1815,580,2755,624,829,471,5845,460,2501,1029,1421,709,155,1332,478,683,365,784,1615,16341,963,201,392
"35","Deli Serdang",36587,336,1774,1163,1077,1828,655,595,4024,1637,460,2903,460,1147,712,3626,138,1776,511,1580,798,186,556,701,170,2325,337,305,2953,782,1025,47
"36","Langkat",34770,129,1357,889,803,1734,339,523,6587,1093,449,2018,264,1241,602,3287,198,2040,470,1056,1081,133,1396,634,239,1245,340,416,2376,755,1061,16
"37","Nias Selatan",10127,317,495,448,1959,731,127,5,71,446,149,261,22,24,23,1559,466,428,64,155,9,4,29,206,68,378,161,66,735,261,82,377
"38","Humbang Hasundutan",19044,304,933,1186,452,1192,268,384,1685,490,207,429,128,9,278,2099,143,1689,315,166,13,22,25,842,124,41,99,73,3252,334,99,1762
"39","Pakpak Bharat",26679,297,1103,1217,413,2075,70,158,5965,362,16,340,94,75,883,3366,242,2904,317,179,14,15,286,552,291,63,132,318,2766,517,273,1376
"40","Samosir",30615,291,1249,1192,553,1514,241,208,2868,560,306,351,132,83,454,3862,265,1583,585,1016,113,58,25,1082,235,560,88,101,5814,469,203,4553
"41","Serdang Bedagai",33044,412,1592,915,812,1921,239,397,3637,1033,485,2968,224,1063,742,4062,127,2457,644,1491,1021,62,390,783,178,998,156,265,1910,654,1155,252
"42","Batu Bara",31979,169,1307,903,710,1745,158,588,5397,1333,33,3028,318,852,541,2918,232,2284,669,705,1025,111,307,1299,114,936,360,352,1830,737,684,331
"43","Padang Lawas Utara",33468,149,911,1169,1200,3452,139,916,5257,800,384,1352,404,51,1138,3131,560,2579,56,46,209,20,122,481,274,647,262,289,5699,601,1024,145
"44","Padang Lawas",37412,398,1427,949,1118,4723,307,2123,1484,1258,213,2610,354,197,2091,3201,680,3299,94,258,581,30,520,366,266,625,235,345,5966,401,1262,33
"45","Labuhan Batu Selatan",34215,661,1012,586,1102,2886,192,504,1122,1465,1239,2338,263,1175,501,4896,408,1919,492,1615,1289,7,421,360,237,1476,200,300,2916,753,1772,109
"46","Labuhan Batu Utara",32423,183,1177,994,1225,2541,226,406,5871,902,139,1430,420,245,385,4242,340,2217,270,391,1007,30,262,617,337,1291,239,535,2455,759,784,504
"47","Nias Utara",10093,195,363,318,1811,781,48,3,79,277,169,216,39,47,53,897,530,867,70,266,9,24,NA,66,157,955,346,258,671,191,81,308
"48","Nias Barat",8647,172,323,399,703,940,179,2,28,287,192,75,24,31,26,1008,504,666,102,297,2,19,NA,226,83,84,184,255,1504,222,59,50
"49","Kota Sibolga",58227,253,1765,836,1216,2327,479,481,19695,2260,232,5878,449,699,2181,5878,167,1642,2364,848,749,166,564,360,230,573,307,409,3857,730,445,186
"50","Kota Tanjung Balai",54639,271,1579,1583,1106,2453,614,920,15987,3637,397,3085,548,1417,621,3141,1100,2406,1376,744,797,244,596,824,159,1700,276,806,3844,889,1444,73
"51","Kota Pematang Siantar",42088,930,1934,1329,1263,1834,770,612,6647,1108,625,3669,630,678,783,4681,297,1547,1775,1150,442,355,490,1103,315,631,192,592,3855,811,529,511
"52","Kota Tebing Tinggi",51519,403,1873,1153,1007,1583,389,622,8629,2677,845,5105,549,1916,1316,4221,335,1983,2357,1502,1086,606,799,1377,208,1911,555,1567,2350,1163,1335,99
"53","Kota Medan",64601,832,1959,1532,1571,1842,1158,1054,6573,3030,853,5907,1628,2489,1487,5816,506,2406,2784,2573,1365,1123,682,2608,480,3584,508,905,3392,1192,2391,372
"54","Kota Binjai",41514,356,1577,923,716,1777,418,477,4072,2323,841,5034,781,1678,1206,4516,143,1431,1552,1899,713,648,622,745,141,2506,397,350,1906,819,946,NA
"55","Kota Padangsidimpuan",56756,410,1328,1207,1815,4509,1251,1033,4830,2283,2349,4200,1792,1540,1620,4190,599,4207,1589,2626,1410,370,1138,1140,158,925,309,748,5766,895,464,54
"56","Kota Gunungsitoli",18583,78,573,477,1553,1156,178,166,1672,1065,105,804,310,386,421,1940,239,1009,621,521,35,30,149,262,248,1455,582,644,1008,144,361,391
"57","Kepulauan Mentawai",27809,488,2023,1822,778,2417,262,427,372,1790,672,2817,115,22,1165,1252,416,2231,859,1368,150,2,7,263,219,1122,811,659,2376,177,703,25
"58","Pesisir Selatan",39139,281,2280,1479,1327,3116,404,3069,3132,1924,152,5085,330,306,2522,1861,115,3495,390,664,1051,24,272,437,220,1221,647,384,1258,669,949,75
"59","Solok",35616,426,1791,938,681,4023,547,699,2825,1443,304,5323,133,75,2544,2356,324,4053,154,543,847,103,292,485,178,770,257,260,1869,684,684,6
"60","Sijunjung",39566,316,1991,874,837,3675,296,846,3614,3380,447,2648,536,29,2394,4072,448,3529,677,1322,891,36,432,393,308,1156,730,416,1704,990,580,NA
"61","Tanah Datar",48962,300,2245,2446,1345,3808,620,1035,5127,2889,1109,5535,511,430,2622,2452,229,4232,919,1722,1072,113,342,1358,325,833,484,359,3138,840,518,3
"62","Padang Pariaman",52642,468,1960,1166,717,3667,775,1078,7772,2597,492,8814,555,341,2468,2710,526,3393,934,1013,974,125,875,459,547,851,795,375,4332,633,1206,23
"63","Agam",36621,597,1961,1423,719,2841,513,780,1577,2667,970,4695,649,307,2408,2828,296,2352,1068,2010,496,187,522,394,100,904,274,267,1910,565,337,4
"64","Lima Puluh Kota",51843,250,2711,1812,1859,4006,774,1048,6111,3397,94,4620,667,606,3296,3025,488,4557,571,909,1526,116,347,803,84,753,1036,388,4259,670,1045,14
"65","Pasaman",35787,210,2643,840,671,3665,443,1044,3949,1479,203,3324,404,186,2741,2085,284,2707,681,704,533,21,432,430,75,702,449,533,3598,489,264,NA
"66","Solok Selatan",38926,631,2012,864,474,4344,362,1178,5451,1821,87,2965,402,147,4556,2977,207,3900,75,520,396,28,310,600,185,576,279,475,1478,807,794,24
"67","Dharmasraya",47659,266,1790,1258,977,3080,380,1306,4016,3205,1482,2712,592,525,3394,4842,173,4445,498,2632,1558,58,763,952,231,1141,946,578,1552,821,1481,5
"68","Pasaman Barat",40378,248,2321,766,1031,3509,342,1548,2730,2909,295,4441,594,211,4886,2661,237,3122,305,494,372,45,210,223,126,729,494,371,3842,526,786,4
"69","Kota Padang",75336,1017,2506,2022,1554,3152,785,2151,13055,4089,974,7468,1275,824,3388,3548,413,2829,2789,5076,1245,477,702,1532,1228,3105,855,1276,3270,1142,1532,55
"70","Kota Solok",53596,853,2436,1806,1466,3878,901,1046,5831,3991,63,6217,696,230,2470,3414,399,3287,634,1813,1334,498,697,1477,162,2230,496,586,2091,1438,1116,40
"71","Kota Sawah Lunto",46663,606,1791,1256,1116,3730,485,1516,6028,2209,395,4074,789,426,2541,4032,311,2593,423,1528,1101,547,536,876,292,2222,959,690,1814,1282,496,NA
"72","Kota Padang Panjang",53013,913,2149,2269,1328,2985,740,1434,5900,2258,494,5101,1256,341,3004,3826,879,3337,875,2746,861,393,935,828,450,2176,503,698,2185,1520,627,NA
"73","Kota Bukittinggi",85310,1544,3378,2905,2126,4175,1023,1852,15859,3713,471,6648,2527,525,3069,5071,398,4910,1494,6486,1611,835,1005,1236,813,2459,1009,1137,4585,1463,985,NA
"74","Kota Payakumbuh",71317,855,2652,1897,1857,3992,989,1802,11186,5781,244,5744,1814,620,3117,3982,401,3989,1771,3456,2159,279,504,1295,556,1358,927,1409,4312,1051,1319,NA
"75","Kota Pariaman",69907,736,2536,1651,1543,3463,1808,2325,6207,4445,1720,10632,1389,284,2695,3453,338,3092,2686,3025,958,621,1800,664,967,1577,813,507,5005,1332,1630,9
"76","Kuantan Singingi",40279,295,1543,856,1187,2913,231,402,3768,1620,214,3932,913,200,3114,3322,346,3480,288,1487,1334,54,578,397,470,1503,731,617,2592,1214,678,2
"77","Indragiri Hulu",32843,227,728,550,1166,2338,108,479,4502,827,193,3243,784,225,1533,3300,245,2438,214,567,1271,54,399,241,116,1690,701,399,2703,916,678,7
"78","Indragiri Hilir",34492,334,1349,847,1590,2303,137,716,5618,1249,405,1723,860,297,1116,1710,318,3221,438,693,839,231,290,604,467,1255,425,495,2659,964,1322,17
"79","Pelalawan",32947,256,655,648,700,2175,154,431,4544,1329,282,3098,346,126,1636,3069,243,2929,266,780,884,191,423,427,323,2286,606,738,2043,885,469,4
"80","Siak",40687,382,1453,1253,1168,2524,543,689,3073,1725,563,3778,843,531,1695,3292,430,2916,968,1499,1052,171,519,488,530,3181,690,602,1995,1383,719,32
"81","Kampar",36280,154,1197,548,1049,3142,318,905,3286,1435,392,3436,639,154,3439,3608,216,3093,152,507,740,93,695,391,181,1660,638,524,1881,1209,558,40
"82","Rokan Hulu",37406,396,1103,712,1155,3394,366,1146,2613,2056,2051,1968,704,372,2229,4252,588,2642,373,626,325,149,1072,92,239,1427,488,334,2924,930,648,32
"83","Bengkalis",38502,531,981,965,1587,2099,222,1055,5945,1494,256,4082,539,422,1170,3279,327,2237,414,1176,875,60,524,218,417,1687,503,938,3049,779,625,49
"84","Rokan Hilir",31257,534,1154,750,1149,2725,387,703,2443,1244,201,1646,637,164,1196,4150,445,1694,206,299,705,124,748,986,192,1579,284,353,2481,1054,1016,9
"85","Kepulauan Meranti",31980,571,1102,1213,2453,2158,69,586,4145,1536,126,3530,357,413,614,1940,306,2433,706,1094,490,151,300,290,267,464,435,325,1638,988,1280,NA
"86","Kota Pekanbaru",68953,1032,2297,1442,1650,2616,685,1243,14780,2584,343,6864,1871,463,2639,4889,255,1872,856,2624,969,1313,928,2297,960,3830,1035,1046,2850,1343,1326,50
"87","Kota Dumai",49582,436,1696,903,1452,1929,373,707,9749,1933,318,4714,868,604,1670,3974,326,2264,888,2023,1548,191,744,1570,495,3087,347,340,2559,1003,768,101
"88","Kerinci",34185,147,1749,1203,1333,3229,649,1424,1799,1934,259,3372,439,324,2839,2640,485,3274,205,1285,933,35,1092,348,136,618,260,200,968,670,337,NA
"89","Merangin",27056,208,1173,773,847,2338,266,1192,2229,727,795,1926,798,530,1256,2351,193,2353,353,1587,633,111,550,353,193,263,373,190,1297,593,605,NA
"90","Sarolangun",28323,96,815,353,781,2273,175,968,6071,860,361,1203,510,318,1333,2772,232,2084,180,699,1026,65,528,260,213,343,442,234,1818,733,577,NA
"91","Batang Hari",31476,125,1146,685,1341,2396,120,1295,3001,678,2709,1385,745,872,1041,2505,542,1920,861,1810,640,61,340,458,439,399,710,385,1720,583,556,8
"92","Muaro Jambi",33662,412,1063,862,1238,2541,335,1324,3263,951,472,1541,960,277,1658,4646,480,1819,173,1663,668,288,704,592,414,987,398,303,2086,806,737,NA
"93","Tanjung Jabung Timur",44292,687,1387,892,2336,3151,421,1589,5265,1129,2553,1634,1170,1023,1967,3021,296,2378,1087,3707,991,200,199,580,331,1262,338,264,2255,940,1240,2
"94","Tanjung Jabung Barat",35342,345,898,714,1938,2343,190,1023,5405,1017,470,683,1293,901,1001,2713,373,3644,466,1146,870,446,306,419,302,1527,558,280,2396,718,793,163
"95","Tebo",31061,243,1137,563,1325,2376,220,1569,4040,759,641,1547,665,423,2112,3672,498,1716,366,722,541,54,590,576,194,436,672,354,1860,482,706,1
"96","Bungo",36184,175,1362,490,945,3206,336,1498,3296,1169,737,1699,858,388,2447,3816,389,3161,491,1977,978,73,747,685,175,912,704,242,1294,688,1235,13
"97","Kota Jambi",57907,861,2157,1354,2714,3113,452,1802,9939,1830,862,2584,1709,1141,2458,4325,296,2039,1097,2184,1235,709,1233,2735,763,2442,582,650,1937,927,1747,33
"98","Kota Sungai Penuh",39909,364,1394,1046,1163,2999,665,1017,3920,2964,514,4847,1045,313,2829,2935,313,2764,559,1655,672,39,823,524,218,1558,193,494,1488,386,207,NA
"99","Ogan Komering Ulu",34807,326,1038,869,1587,2210,329,1101,6923,748,256,366,883,636,812,4296,101,1600,223,853,911,167,937,876,773,718,544,532,2831,731,248,383
"100","Ogan Komering Ilir",36681,234,1791,802,1543,2791,200,1146,7580,841,597,358,924,336,817,3687,316,2361,122,740,934,113,691,1185,793,698,425,367,2010,885,1386,9
"101","Muara Enim",28301,196,1685,614,911,2785,235,965,3981,653,599,392,302,541,631,3565,193,1606,425,853,953,111,430,1652,373,411,374,373,1171,548,771,NA
"102","Lahat",27575,242,1397,795,737,2915,191,850,4582,554,283,448,448,284,546,3869,551,1585,339,779,745,155,702,953,175,388,241,264,1704,562,273,19
"103","Musi Rawas",26432,99,1276,299,911,2205,273,861,1249,602,1249,310,1119,1188,654,2883,359,1222,724,2166,535,34,672,387,419,173,384,451,2263,568,889,6
"104","Musi Banyuasin",26783,259,1361,584,1141,2662,285,1321,1602,668,297,395,682,455,1220,3328,527,1689,204,582,555,216,464,956,363,815,527,582,1378,947,682,37
"105","Banyu Asin",46599,394,2831,672,1656,3890,338,2126,3927,1124,1598,1282,721,848,1504,5254,452,2394,876,2191,1339,189,642,2213,1405,1192,495,477,2285,1050,1225,8
"106","Ogan Komering Ulu Selatan",19670,139,1205,448,657,2158,178,735,2297,229,91,322,481,233,357,2204,275,1282,91,202,556,80,458,250,198,93,166,158,3303,595,229,NA
"107","Ogan Komering Ulu Timur",39792,201,1691,683,1199,2094,244,918,1578,1303,3278,674,2365,2508,577,2902,456,2116,1883,3701,860,58,653,409,493,183,443,640,3693,814,1120,55
"108","Ogan Ilir",28134,162,1573,371,1094,2687,169,1025,1790,608,1278,154,324,674,656,3033,402,1507,595,2372,896,65,510,1349,311,793,309,290,862,1003,1271,1
"109","Empat Lawang",24150,139,1215,399,912,1939,243,512,8240,106,180,423,174,157,334,2858,290,1710,98,181,348,46,478,257,461,90,207,146,1147,358,504,NA
"110","Penukal Abab Lematang Ilir",20311,113,1311,520,668,1772,126,464,2551,564,193,641,232,377,321,2334,448,806,341,591,671,134,611,702,379,543,369,374,895,479,779,2
"111","Musi Rawas Utara",31114,186,1565,446,945,2988,297,1252,640,901,2120,450,1122,987,1007,2655,470,1325,1339,2891,1099,52,463,686,630,155,541,434,1670,594,1023,181
"112","Kota Palembang",50418,905,2497,1230,2627,3481,602,1423,4895,2014,1442,1339,934,1051,1207,6260,597,1973,1293,2352,1017,1126,1086,1041,1258,1255,533,849,1525,977,1574,54
"113","Kota Prabumulih",29914,319,1201,618,1246,1930,119,536,7608,659,482,545,350,527,749,3002,140,1025,543,1008,444,235,453,2409,315,988,166,124,1067,531,577,NA
"114","Kota Pagar Alam",32997,222,1183,777,612,2181,565,478,564,701,3146,981,950,1384,837,4074,469,1785,1341,2768,853,201,741,1202,766,27,310,375,2391,634,481,NA
"115","Kota Lubuklinggau",40571,384,1429,696,1527,2321,289,1001,3544,903,2274,1142,2100,1294,1519,4704,248,1379,1030,3705,919,368,1221,758,774,544,257,329,1986,1013,914,NA
"116","Bengkulu Selatan",24647,134,817,437,828,2168,208,576,1859,631,1329,1264,519,825,1077,2107,126,1797,701,2021,594,83,883,522,346,100,462,321,1351,377,185,NA
"117","Rejang Lebong",35217,207,1327,627,1257,2671,174,271,7208,798,587,1192,793,913,1562,4027,214,2518,461,2166,362,92,1342,576,224,47,135,376,2106,630,347,7
"118","Bengkulu Utara",36776,230,899,852,1050,2829,298,989,7690,705,76,1324,580,538,1698,4444,180,2241,227,906,287,53,1443,558,181,599,630,394,3454,708,712,NA
"119","Kaur",32659,267,1339,574,871,3666,134,898,7422,881,85,1301,221,347,1577,3470,271,2400,82,285,597,86,1084,471,160,289,456,509,1608,998,293,16
"120","Seluma",25251,203,945,469,1317,2595,88,581,4897,187,270,848,521,416,856,2317,149,1968,149,598,255,42,736,227,157,53,442,376,2886,320,376,5
"121","Mukomuko",35808,131,1299,1054,1142,2787,363,886,4350,782,740,1909,1141,801,2705,3740,253,2632,493,667,218,39,867,625,284,571,686,589,2572,883,599,1
"122","Lebong",29582,109,722,571,1223,2884,214,457,4370,589,854,1634,646,1000,883,2593,342,2058,754,1426,152,39,747,553,141,149,354,336,2702,621,430,30
"123","Kepahiang",24273,101,942,278,629,1663,92,329,5305,247,464,536,281,415,1830,2758,192,2109,467,1151,212,9,958,494,96,43,191,135,1656,422,262,2
"124","Bengkulu Tengah",31846,74,832,475,1070,2632,170,541,6088,348,926,887,841,682,1587,2982,203,1552,686,1679,278,34,929,860,614,254,690,337,2352,598,647,NA
"125","Kota Bengkulu",47812,497,1544,961,1665,2774,366,884,9901,1396,422,1626,775,996,2234,4487,66,1750,929,2396,345,284,1678,2545,673,1968,479,427,1584,951,1156,55
"126","Lampung Barat",24859,204,1251,399,824,2140,379,789,4031,450,165,341,742,305,302,2771,228,1581,298,403,576,185,1176,298,142,40,257,368,3125,574,275,240
"127","Tanggamus",23975,171,1658,636,957,1991,304,830,1600,421,955,278,407,759,143,3103,430,1534,567,986,531,104,690,329,135,186,175,332,2590,571,599,NA
"128","Lampung Selatan",32894,207,1731,926,1033,2211,319,1162,3992,561,775,511,657,951,700,3501,240,2043,443,1027,827,261,1683,307,304,1315,411,617,2032,713,1433,1
"129","Lampung Timur",24513,205,1672,707,741,1576,255,834,2787,613,477,230,929,706,352,3281,204,1743,228,772,430,71,1036,147,148,294,225,305,1965,713,865,NA
"130","Lampung Tengah",29062,134,1672,604,1002,1775,282,859,6259,496,339,326,1123,390,288,3078,183,2202,178,1191,602,41,1029,227,131,167,323,422,2229,596,918,NA
"131","Lampung Utara",23166,171,1142,422,590,1444,167,838,6407,173,29,190,550,355,282,3396,96,1879,94,254,711,122,542,114,92,167,151,407,1351,486,543,1
"132","Way Kanan",29949,80,1500,550,954,1815,234,953,5722,370,952,198,984,937,387,3299,110,1732,318,1192,516,45,763,346,412,142,530,523,2912,598,872,3
"133","Tulangbawang",27081,74,1670,459,786,1696,237,875,5569,320,636,169,821,493,324,2716,129,1611,331,524,608,90,880,151,378,1059,345,344,2159,520,1099,8
"134","Pesawaran",23724,171,1684,790,763,1717,207,789,1524,637,716,191,688,793,373,3058,196,1248,449,986,516,174,1264,675,172,644,279,481,1491,518,527,NA
"135","Pringsewu",29681,331,1556,909,1207,1577,243,878,4041,382,996,242,930,1230,380,2937,151,1790,456,1407,1016,175,1082,676,182,1091,186,393,1800,549,885,NA
"136","Mesuji",23455,57,1435,559,831,1586,210,693,1457,315,1190,324,817,921,269,2117,259,1390,585,1206,505,34,870,281,296,1103,192,221,1514,794,1403,20
"137","Tulang Bawang Barat",22594,80,1212,489,791,1563,167,492,5528,425,110,341,1054,428,274,2651,59,1068,135,385,506,11,495,138,98,211,182,362,1849,479,1007,3
"138","Pesisir Barat",26113,182,1816,548,1378,3039,252,980,1622,493,325,224,605,561,228,3716,356,1748,220,408,347,322,1171,623,314,420,640,404,1946,773,437,15
"139","Kota Bandar Lampung",61133,981,2812,1267,1681,2551,548,1698,11817,2022,955,809,1538,1529,1454,6342,322,2465,1030,2268,1458,1028,2159,2781,963,2809,307,677,2179,1186,1442,56
"140","Kota Metro",56069,353,1971,1379,1935,2058,721,1719,10880,1309,1409,420,2132,1880,1061,5865,189,2758,905,3094,837,414,1766,1170,995,1744,685,437,3011,1000,1975,NA
"141","Bangka",46623,341,1435,1900,4922,2579,147,561,1191,1704,2598,189,1211,1710,1299,5978,84,2925,1847,4688,717,349,589,836,659,1444,677,490,1471,943,1075,66
"142","Belitung",51810,304,3094,1942,4582,2872,219,1465,4388,2052,429,521,1087,958,1498,6834,401,2551,733,2289,1089,682,696,984,300,2867,828,652,2337,654,2485,16
"143","Bangka Barat",40679,569,1130,1445,4953,2554,170,390,2151,755,894,176,629,1728,952,5636,307,2497,1161,1768,1039,300,218,1005,426,1353,811,645,2972,768,1263,12
"144","Bangka Tengah",41644,338,1904,1292,4705,2207,215,498,912,1411,1378,478,1089,1184,1505,6425,192,2755,1074,2966,851,301,354,1246,247,1868,818,513,1182,756,981,NA
"145","Bangka Selatan",41596,115,1592,1632,3496,4056,298,999,2043,1610,1010,619,864,882,1094,6458,223,3414,398,1276,1105,136,635,250,360,1652,753,951,1531,672,1473,NA
"146","Belitung Timur",50946,211,1972,1203,4239,2046,123,805,2507,2184,1817,96,602,1545,1147,7271,387,3491,2062,4843,1050,701,567,707,636,2932,752,672,2370,653,1338,20
"147","Kota Pangkal Pinang",62561,849,2304,1890,4393,2213,505,1251,3847,2458,3050,705,1596,3115,1833,6658,137,3462,2443,5373,613,1852,891,1772,659,3219,650,939,1936,1265,683,NA
"148","Karimun",44767,1124,1367,1315,3523,1457,267,1996,2184,1858,1122,4463,855,833,1575,3459,681,2095,1144,1821,674,905,1054,955,353,1692,630,400,3321,700,841,105
"149","Bintan",33735,408,1136,725,2078,1446,485,1441,4881,1356,114,1912,799,186,861,2770,316,1328,403,1195,584,504,609,861,342,1307,220,993,2901,824,715,33
"150","Natuna",35212,571,1415,1496,5626,1241,130,1513,3377,1261,330,851,586,1047,794,3033,111,3284,660,1065,304,500,41,354,244,1417,190,231,1625,871,996,47
"151","Lingga",47789,618,825,2703,6099,1575,210,1606,7169,1841,130,3322,1282,566,971,1986,162,3140,1242,1642,474,1019,218,1191,304,1068,399,854,3220,707,915,332
"152","Kepulauan Anambas",44977,299,1155,1242,5076,2151,97,1761,3987,2979,225,2472,946,1035,1214,3930,464,1854,750,1827,467,971,90,1160,236,2171,345,411,3360,614,1545,142
"153","Kota Batam",70291,1028,2915,1947,2427,2215,549,1704,4399,2218,3940,3165,1463,2265,1292,5285,258,2491,3334,7825,950,1295,819,1622,1405,4198,978,1183,4093,1794,1159,75
"154","Kota Tanjung Pinang",65803,769,2350,1492,2200,1738,341,1601,10928,2410,1234,3840,2734,1425,1495,4364,249,2787,2707,4128,672,1605,493,1367,1026,2850,823,763,4679,1244,1465,27
"155","Kep. Seribu",48800,769,2744,697,1441,5045,1268,1552,4249,2532,884,618,943,900,722,4550,511,1445,1029,1586,985,1353,1484,1334,2053,3558,147,208,1229,926,2037,NA
"156","Kota Jakarta Selatan",90733,1324,3224,2172,2175,2972,939,3355,15483,3769,1604,1894,4028,1568,2415,5816,416,2550,1314,3775,1493,4207,2534,4069,2462,4974,1269,1254,3768,1442,2458,7
"157","Kota Jakarta Timur",77108,1234,2592,1951,2031,2793,1259,3013,11503,3918,2082,2453,3160,1849,1661,5718,665,1610,1695,3317,1136,3383,2473,1947,1792,4482,672,1442,2502,1224,1547,4
"158","Kota Jakarta Pusat",98804,1057,3647,1747,2503,2883,1790,4135,15277,5131,2280,3844,4219,2033,2044,7876,1058,1641,1996,3558,1131,6014,3217,1694,3143,4376,857,1684,4060,1251,2633,26
"159","Kota Jakarta Barat",94225,1127,3665,2382,2830,3223,1403,3270,12024,4386,1761,2554,3491,2057,2088,7414,869,2560,2254,3923,1467,5860,2963,3730,2957,4150,1058,1435,3001,1362,2880,84
"160","Kota Jakarta Utara",107792,1400,4343,2545,3846,3526,1915,3895,13182,4037,2992,3264,4330,2224,2164,8210,1058,2297,2982,4130,1892,4616,2736,5288,4389,4338,1097,1608,4249,1518,3685,34
"161","Bogor",47769,530,2074,1584,1108,2761,565,1518,6573,1445,695,997,1033,910,678,5941,459,2286,495,1705,773,2606,1381,1794,862,1502,567,586,2095,1099,1145,3
"162","Sukabumi",36634,355,1955,1167,1051,3067,581,674,1612,976,1904,338,331,816,425,5908,554,1993,537,1366,676,2240,1000,1266,627,917,458,707,1832,825,473,4
"163","Cianjur",37819,268,1915,1502,1194,2914,508,499,3751,516,463,479,219,795,237,5004,635,2386,481,1341,1126,1751,1417,2283,566,719,678,1012,1771,799,588,2
"164","Bandung",49806,577,2360,1938,2030,3581,686,582,3542,1191,459,1238,1002,1771,726,6657,225,3007,598,2146,1129,2249,2091,2078,543,1854,937,985,1699,1157,764,3
"165","Garut",33080,227,1502,1026,867,2750,383,421,4466,686,448,372,214,644,191,5204,516,1852,185,943,769,786,1645,1919,189,490,302,676,1980,738,688,4
"166","Tasikmalaya",35071,196,1600,1541,1122,2787,512,398,2770,533,1103,361,574,2032,494,4271,731,2015,698,2041,730,914,1241,1142,373,745,309,783,1818,627,609,3
"167","Ciamis",41869,313,1964,1749,1397,2536,627,878,3990,680,1201,523,574,3498,787,4605,278,2437,1330,3173,1101,808,1299,1163,307,963,437,495,1501,693,561,NA
"168","Kuningan",55635,557,2493,1971,2187,4228,903,1324,7098,1865,886,731,738,2428,731,5897,386,2976,491,2156,1258,3218,2058,1767,473,944,1091,662,2384,1014,720,NA
"169","Cirebon",54622,292,2006,1825,1540,3548,681,1827,6811,1393,919,841,950,2785,700,5724,410,2611,1443,2887,1245,1852,1795,1949,752,1599,502,403,2462,671,2197,2
"170","Majalengka",54268,442,2011,1766,1875,4079,551,1125,4922,1161,1373,733,1027,5419,913,5267,652,2826,891,4215,972,1999,1921,1604,589,1276,942,551,1594,764,804,NA
"171","Sumedang",49055,386,2319,1606,1572,3210,643,758,5935,1088,811,911,713,2355,655,5575,372,2790,531,2790,1171,1424,2355,1987,709,1113,752,639,2092,1052,738,3
"172","Indramayu",65283,609,2780,2262,2934,4701,872,2707,6660,2342,718,1469,648,1483,1149,5313,710,3521,2644,2497,1472,2229,1902,1689,1233,2347,1202,1170,2251,1039,2703,28
"173","Subang",54034,494,2011,1589,1341,3515,923,1157,2847,1620,1247,1781,1669,2294,966,5874,490,2467,1943,3650,1032,2312,2041,1783,1202,1233,1458,778,2053,953,1253,60
"174","Purwakarta",62821,569,2634,2036,1390,3814,609,1046,10919,1978,697,553,1293,1497,1707,7321,789,2616,404,2647,1383,3122,1659,1982,1291,1589,946,955,2619,1514,1131,111
"175","Karawang",58753,664,2126,1163,2019,3682,856,1572,7213,2448,884,1559,853,2183,828,5889,984,1756,1891,2723,1204,3614,1587,1996,1176,2668,706,786,1796,1303,626,NA
"176","Bekasi",71740,664,2634,1481,1618,3530,1083,2120,13517,3231,549,1215,1771,1336,941,6801,926,2138,1138,2868,1364,3620,2610,1311,1500,4382,1063,906,2901,1215,1310,NA
"177","Bandung Barat",34069,246,1598,1277,826,2439,404,369,3857,732,359,812,393,908,521,4157,171,2043,203,1575,956,1802,1204,1593,384,940,530,880,1392,981,514,NA
"178","Pangandaran",44887,377,2310,1587,2177,3007,822,1721,1688,1628,826,1191,2221,1834,1517,5113,223,1874,765,1921,1136,1220,1592,971,336,1518,720,620,1763,892,1316,NA
"179","Kota Bogor",69763,1219,2909,1955,2151,3055,674,2205,9486,1976,1115,1309,2791,1562,1507,8218,412,1808,834,2843,1009,3133,1976,3484,1243,3274,735,808,2779,1227,2058,7
"180","Kota Sukabumi",57579,1197,2005,2408,1647,3039,1042,938,4030,970,1398,682,1037,1359,1082,6978,287,3202,1242,3309,1166,5063,1581,2921,679,2072,940,1362,1554,1240,1128,23
"181","Kota Bandung",80210,1355,2774,2664,2355,3486,1107,1153,9881,3081,1749,1897,2108,2677,1659,7961,479,2830,1470,4471,1325,4056,2686,3212,1276,4250,1179,1752,2759,1362,1074,125
"182","Kota Cirebon",66575,936,2718,2332,2197,2621,1335,2563,7670,2305,1081,1684,2167,2998,1930,5745,513,2076,1229,3516,1365,2131,2446,2077,1542,1974,523,549,2299,1177,2859,20
"183","Kota Bekasi",91869,1543,2792,2373,2444,2976,1245,3003,15006,4308,1988,2095,3383,2167,2063,7356,527,3059,1545,3997,1481,4227,2943,3084,2135,5841,669,1641,3091,1335,1554,NA
"184","Kota Depok",83807,1270,3314,2554,2259,3166,775,2479,13563,3296,1440,1464,3140,1851,2052,7269,488,2727,1550,3940,1055,3668,2167,3007,2327,4321,782,1371,2632,1522,2349,9
"185","Kota Cimahi",69666,1130,1931,2414,1971,2699,1036,1228,5647,2801,2244,1742,1836,2496,1670,6976,511,2881,1117,3869,1335,3193,2691,3405,1389,3814,1202,1618,2218,1198,1397,6
"186","Kota Tasikmalaya",59869,754,2271,1875,1585,2915,1567,1289,2822,2921,956,483,1212,4769,1544,8207,449,2599,918,3147,1696,4540,1758,2172,338,1945,551,810,1323,1076,1381,NA
"187","Kota Banjar",44749,744,2587,1432,1588,2505,836,1392,2135,1768,653,1184,1656,2403,938,5930,166,1795,868,2380,640,1483,1291,1490,389,1741,121,667,1283,879,1805,4
"188","Cilacap",27598,260,1253,685,1008,1931,239,857,3763,645,498,184,1098,1276,729,3334,166,1101,343,781,487,437,1217,569,224,946,239,277,1513,691,838,10
"189","Banyumas",39417,305,1484,1631,2494,2363,541,847,5860,885,614,204,1298,1624,840,4274,152,1713,644,2248,884,563,1341,817,301,750,368,370,2246,734,1021,1
"190","Purbalingga",27957,156,917,1048,1420,1620,252,576,5038,529,337,94,912,1000,591,3480,118,1531,243,1321,915,300,1312,490,195,298,265,318,1473,745,453,11
"191","Banjarnegara",34006,253,1231,1263,1581,2452,450,376,6513,640,1685,55,518,1047,537,3959,251,1834,294,1665,729,307,904,932,121,343,243,261,2337,955,273,NA
"192","Kebumen",33739,202,1369,1310,1603,2207,209,416,6561,490,681,172,571,1256,406,2996,94,1999,444,1669,487,277,1034,930,350,799,490,190,2582,701,1206,40
"193","Purworejo",31108,167,1452,1674,1903,2365,405,600,3834,247,947,140,826,1625,447,2892,163,1542,707,1767,508,388,985,538,310,498,234,152,2407,534,850,NA
"194","Wonosobo",35134,206,1047,995,1471,2859,261,125,4277,508,1722,84,707,1079,709,4421,113,2160,451,3500,791,159,1280,1302,310,140,299,302,2587,922,349,NA
"195","Magelang",32746,195,1272,1073,1655,2848,251,303,4937,1032,705,103,964,1049,614,3875,227,1885,505,1909,634,186,561,1362,253,375,265,301,2456,624,315,12
"196","Boyolali",33088,161,1116,1002,872,1754,242,496,4585,988,928,322,1911,1252,951,3435,60,2024,391,1521,522,569,1449,923,307,825,215,253,2901,510,545,58
"197","Klaten",33841,221,823,1111,1184,1799,317,636,3791,962,924,163,2235,2107,999,3057,193,1848,716,1964,567,565,1091,827,456,1000,82,231,2475,607,888,3
"198","Sukoharjo",40781,265,1384,1110,1159,2093,705,1160,3938,1431,628,214,2784,2135,983,4240,121,1540,318,2402,615,457,1218,1472,369,2053,192,237,3342,562,1654,NA
"199","Wonogiri",28330,157,1337,1044,740,1678,165,559,5275,599,381,67,1032,1080,675,3834,178,1168,485,1624,303,78,527,1141,246,497,43,190,2195,591,439,2
"200","Karanganyar",36052,273,1238,845,965,1777,377,551,4372,1293,1092,223,2467,1649,886,3823,277,1518,609,2078,513,315,1017,861,369,1143,169,439,3724,616,574,NA
"201","Sragen",33222,176,1260,847,998,2053,342,848,4325,1189,589,396,1672,1053,776,3971,116,1899,284,1463,476,262,1042,443,573,1810,82,173,2566,605,928,6
"202","Grobogan",32271,87,725,630,597,2019,169,1099,5604,936,391,947,621,878,499,3898,269,2124,210,773,945,110,955,482,370,2139,244,216,3034,496,793,12
"203","Blora",41711,153,998,1086,1168,2608,201,1169,3587,1268,1558,1013,1224,2181,688,4483,254,3059,731,2646,877,197,751,984,496,2297,313,326,3806,642,946,NA
"204","Rembang",43622,125,1267,1039,1652,2692,306,802,4691,1201,1460,641,932,2092,375,4499,191,3466,1058,1693,1334,134,631,1542,684,2584,246,326,3950,681,1071,257
"205","Pati",45442,312,1809,1503,2013,2683,528,1064,3355,1567,1141,1284,847,1290,589,4678,363,2864,1737,1995,1167,361,1233,1108,685,2252,221,596,3762,856,1579,NA
"206","Kudus",42158,208,1246,1217,1580,2216,472,1457,4019,1549,1245,710,1487,1179,1038,3957,198,2344,1682,1854,1032,236,1238,1868,402,1484,175,248,4146,619,1052,NA
"207","Jepara",40260,87,1466,1067,1884,2531,379,1393,4858,1420,520,706,1722,918,401,4754,207,2262,1276,1470,929,173,1001,1078,363,839,246,315,4390,753,820,31
"208","Demak",42283,255,1697,1029,1304,2961,496,1702,3142,1557,365,602,1810,1305,683,5325,338,2971,842,1045,1287,284,1656,736,467,2215,506,329,3407,821,1145,NA
"209","Semarang",38060,306,1327,1435,1497,2239,321,527,5969,1189,718,200,1441,1392,1031,4259,95,2360,531,1840,958,330,1385,1097,405,655,302,292,2539,775,487,156
"210","Temanggung",23438,111,906,824,1169,1507,180,326,5572,486,163,43,299,614,534,2946,79,1706,65,540,923,117,574,695,170,177,173,167,1632,590,149,NA
"211","Kendal",35927,255,1246,1220,847,1798,245,538,4690,1281,779,210,885,1215,791,4309,224,2455,724,1443,1321,386,1522,851,659,1146,203,285,2872,689,839,NA
"212","Batang",35929,151,1569,1276,1361,3574,461,876,4408,1024,244,134,1185,828,547,4522,90,2905,1204,1161,1035,364,1286,832,269,178,238,160,2477,685,887,NA
"213","Pekalongan",50150,216,1813,2025,1996,3723,533,1213,6464,1373,1155,344,1223,2319,664,4304,245,3230,1847,2530,1488,765,1801,1280,502,613,548,304,3445,548,1336,302
"214","Pemalang",46347,346,2164,1757,1914,3149,468,1484,6358,1249,489,595,956,3138,596,4751,194,3005,1158,2250,1216,806,1716,1025,434,854,479,373,1891,657,876,NA
"215","Tegal",45759,336,1711,1574,1626,2374,535,742,9546,1138,473,774,818,2453,744,4106,225,3358,930,1712,1354,941,2101,796,464,809,404,313,1718,864,820,NA
"216","Brebes",45648,221,1825,1327,1853,3146,544,965,7881,1226,754,573,585,2419,789,4951,423,2342,1324,1418,1201,788,1916,562,686,864,583,345,2099,696,1340,1
"217","Kota Magelang",48745,599,2463,1573,1997,2003,372,628,5872,3213,1235,244,2436,2313,1810,5103,248,2090,1160,3776,706,438,903,1091,1174,943,207,272,2637,855,386,NA
"218","Kota Surakarta",64474,905,2766,2181,2210,2714,838,1815,5030,2374,2176,521,3777,3128,1702,5912,420,2466,1177,4084,1064,1119,1127,1946,1137,3475,252,762,5064,773,1558,NA
"219","Kota Salatiga",66838,1001,3864,2553,2866,2943,489,1240,6727,3425,2235,216,2481,2786,1438,5065,204,3922,2040,5904,843,564,900,2935,1105,1607,224,907,4515,868,811,161
"220","Kota Semarang",65974,984,3088,2117,1799,2644,455,1591,11911,2554,491,478,3045,1860,1589,4955,216,2657,1337,3611,1385,793,1188,2602,1381,3389,233,402,4792,1230,1195,3
"221","Kota Pekalongan",67916,614,2872,1813,2756,3820,1205,1721,8949,2651,1344,473,3258,1962,1747,6081,346,2619,2685,4412,1427,1507,1733,2377,543,1124,428,499,4282,927,1741,NA
"222","Kota Tegal",80820,444,3159,3108,3527,3423,1433,1702,17743,2147,1138,2117,2335,3702,1413,5563,695,3510,2253,3444,1717,2088,2169,2224,916,933,356,547,4422,989,1602,0
"223","Kulon Progo",32225,114,892,1840,1918,2344,273,464,2484,290,2204,70,1250,2422,555,2676,105,1915,1067,2806,350,299,416,597,367,668,121,180,2585,502,455,NA
"224","Bantul",54083,378,1634,1425,2339,2311,372,873,6135,1472,1100,276,2814,2016,2182,4842,120,3068,2332,4590,936,687,1226,1531,675,1994,341,969,3195,924,1265,63
"225","Gunung Kidul",27648,108,1177,1190,1438,2452,202,504,4165,291,805,81,1002,1029,543,2878,49,1416,544,2028,310,57,608,249,383,571,254,142,2245,495,433,0
"226","Sleman",69593,729,2844,2494,3888,3105,575,1569,3694,2239,3578,262,3374,3779,2080,5311,320,3088,3488,8008,1504,911,980,1020,1167,2135,277,540,4045,1168,1333,91
"227","Kota Yogyakarta",70230,1041,2998,1886,2593,2451,763,1530,7368,2863,2095,401,4662,3608,2266,5224,436,2148,2569,6216,931,1008,1437,1579,1344,2706,359,304,5014,753,1678,NA
"228","Pacitan",22080,33,1002,660,1238,1249,306,348,5692,262,179,579,1131,263,258,1887,135,1065,119,220,237,44,146,579,288,237,102,147,3020,445,207,2
"229","Ponorogo",32503,224,1336,1150,1571,2484,311,1970,2637,1084,1016,158,1823,1054,669,3396,190,1643,274,1201,488,193,409,985,194,1033,214,244,3158,526,869,NA
"230","Trenggalek",27495,49,609,738,1239,1341,398,834,6504,750,799,369,1007,1272,372,2486,116,1691,211,744,226,41,267,733,237,493,246,235,2736,527,226,NA
"231","Tulungagung",37692,206,1101,854,1832,1686,546,2145,2808,2197,964,929,2079,1585,987,4140,244,2091,359,1424,696,180,426,816,412,1134,574,322,3344,666,944,NA
"232","Blitar",36446,88,834,854,1709,1469,154,1338,7253,1492,1238,179,2129,1542,612,4379,152,1905,278,1191,547,76,302,1439,375,544,374,238,2296,611,849,NA
"233","Kediri",34662,132,718,1102,1462,1533,351,1588,4906,1860,988,708,1902,1269,650,3895,361,2537,90,650,546,107,733,885,316,664,276,282,2631,646,876,NA
"234","Malang",33178,298,811,1263,1224,1264,134,1033,4376,1519,736,295,2852,835,434,4845,171,2268,198,970,554,113,325,1312,364,610,297,194,2352,977,552,4
"235","Lumajang",37987,315,1017,1032,2284,1640,509,2228,2054,1931,1582,918,2935,707,806,5217,360,2033,613,1250,777,233,387,1406,491,209,367,426,2839,698,723,NA
"236","Jember",35170,185,1049,1075,1915,1422,136,1293,2845,1192,1532,514,2241,739,563,4981,242,2712,322,1241,841,75,265,1888,418,578,306,390,2456,778,973,1
"237","Banyuwangi",40742,236,1448,1098,1769,2040,293,1680,2079,1817,2223,525,2460,1547,688,5013,249,2747,590,1549,631,205,356,2403,782,1047,618,410,2080,833,1216,111
"238","Bondowoso",33696,259,734,1116,1803,1338,109,988,7423,872,1233,107,1224,243,411,4583,249,3549,109,671,738,50,309,962,487,136,185,185,2306,883,436,2
"239","Situbondo",36041,208,1081,1364,2031,1843,135,1800,2347,1857,1562,798,1595,608,409,4632,363,2880,544,942,700,524,430,817,506,574,300,296,3315,765,731,84
"240","Probolinggo",28443,153,1142,890,1409,1557,44,716,2864,1077,819,239,1406,235,507,3721,144,2401,291,551,761,50,338,1689,233,388,355,270,2687,769,738,NA
"241","Pasuruan",37203,261,1210,990,1542,1981,226,1090,1146,2365,2330,381,2078,636,568,5397,489,2791,738,1949,783,76,358,1068,518,714,303,268,3412,757,777,1
"242","Sidoarjo",62234,1164,1753,1549,1832,1732,692,2407,5585,4845,1186,664,3826,689,1364,7322,460,2566,822,2100,1295,906,1674,2361,1140,4047,574,1019,4129,1366,1164,NA
"243","Mojokerto",48723,429,1302,1921,2223,2179,307,1604,4317,3312,855,413,3759,621,769,6659,394,3041,680,1364,1041,154,696,1558,739,1574,414,462,3321,1124,1492,1
"244","Jombang",42955,377,1453,1426,1584,1910,463,1810,2615,2210,1724,587,2434,1330,479,4434,306,2572,748,1492,843,153,731,1617,1098,1909,564,562,3053,1034,1410,26
"245","Nganjuk",35693,141,794,1253,954,1705,285,1467,2908,1557,1752,449,1096,1360,585,4991,320,2942,312,1143,666,120,617,1259,316,1211,360,302,2798,862,1162,7
"246","Madiun",33730,110,1082,1003,1328,2189,235,1320,2998,1026,1911,236,1470,1695,431,3700,292,2052,514,1265,408,45,151,1087,304,991,187,229,3569,698,1204,NA
"247","Magetan",32211,48,932,1163,1424,2218,251,1513,2381,846,1226,427,1437,1134,383,3634,86,1692,313,1604,368,133,309,1546,348,751,204,220,4134,490,979,17
"248","Ngawi",30768,122,1153,647,1435,2276,477,1430,1914,983,726,545,1388,1033,608,4008,268,1914,144,849,666,261,377,1099,346,896,216,225,2850,587,1323,2
"249","Bojonegoro",33987,267,744,724,1168,1921,179,1192,2649,1705,1150,1343,1257,1009,503,4218,163,2071,552,980,839,65,489,1272,318,1774,281,325,2698,607,1527,NA
"250","Tuban",39171,199,920,1157,1888,2016,299,1852,2699,1736,1171,637,1451,1308,583,3914,255,3333,824,1253,1115,75,635,1662,309,2511,322,240,2288,791,1725,2
"251","Lamongan",43337,310,1091,1039,1667,2627,449,1563,1418,2985,1395,627,2323,743,555,5527,481,2204,670,1430,944,158,588,1165,609,2738,284,361,4557,963,1868,2
"252","Gresik",59080,584,1595,1473,1909,2978,542,2427,3465,3544,1160,722,2633,746,1179,7027,446,2760,956,1574,1901,525,1265,1720,1379,4140,615,901,5579,1114,2217,4
"253","Bangkalan",25194,272,886,464,943,1591,412,1544,1882,1448,397,954,1371,147,478,2600,480,1881,296,450,495,135,296,1018,508,572,450,238,1648,355,971,10
"254","Sampang",20301,77,820,415,676,1656,70,1013,2790,831,123,832,524,23,329,1744,123,2211,49,174,427,25,132,1544,688,366,369,339,1116,491,322,NA
"255","Pamekasan",23921,224,674,797,1068,1169,127,691,5255,635,330,439,654,117,151,1990,202,2047,135,274,823,71,336,1397,824,333,277,257,1359,688,577,0
"256","Sumenep",52896,234,1563,1191,2445,3130,678,2767,7350,1896,2807,1155,4045,979,851,3542,693,2486,708,1583,853,725,464,1732,1890,506,629,568,3409,706,1307,5
"257","Kota Kediri",63746,838,1768,1934,2858,2414,423,2810,6097,4461,2927,906,2495,2626,1531,5949,236,3419,1097,2739,851,804,1213,2033,899,2412,382,782,4269,965,1606,NA
"258","Kota Blitar",65687,779,1990,1578,2826,2193,334,3127,9744,3529,1822,678,3342,3142,1569,6089,205,4294,749,2489,924,462,930,2228,814,2425,886,622,2875,1105,1759,176
"259","Kota Malang",56240,981,1454,2018,1961,1653,277,1537,6081,2969,1821,255,2808,1284,1304,6215,239,3455,1219,3638,619,639,814,3086,877,2428,489,667,3641,782,941,88
"260","Kota Probolinggo",45750,478,1484,2101,2292,2074,294,1907,2756,2368,1449,322,1868,497,1057,5446,120,3588,822,1907,778,214,810,2865,483,2069,444,367,2173,947,1765,4
"261","Kota Pasuruan",61038,707,1809,1840,2379,1750,259,2212,6665,4043,1303,558,2815,832,1080,8261,276,4352,1038,2064,1461,515,1130,2530,758,2558,402,388,3475,1039,2525,14
"262","Kota Mojokerto",61060,655,2160,2114,2267,2338,340,2661,5717,4241,1928,321,3866,1720,1318,6376,110,3072,1200,2798,903,597,937,1392,535,5041,423,376,3051,1133,1464,4
"263","Kota Madiun",68764,886,2807,2051,2842,2887,925,3927,5610,2494,2089,492,2955,2455,1433,5390,310,3199,1123,3457,876,1057,1096,2618,1493,4778,626,1042,4320,1113,2400,14
"264","Kota Surabaya",72504,1177,2023,2336,2444,2472,802,3691,4366,4925,1560,1176,4465,1053,1727,7977,431,2466,1154,2363,1265,1535,1905,2158,1629,5408,811,1016,4874,1143,2140,12
"265","Kota Batu",51009,465,1495,1383,1793,1483,408,1409,5651,2939,1441,255,4735,1329,1249,7379,215,3344,456,2278,734,427,980,858,559,1062,371,363,4398,1008,544,NA
"266","Pandeglang",30121,72,1880,1194,1180,2524,235,694,2832,800,308,820,166,502,176,3573,564,2151,683,301,705,1444,806,1060,296,436,489,679,2096,677,777,NA
"267","Lebak",41640,220,2600,1596,1204,3303,339,946,4503,1545,1013,577,206,773,277,5935,1186,2546,647,827,657,1772,573,1089,651,351,756,893,2938,727,978,12
"268","Tangerang",61788,591,2605,1169,2010,3239,1249,2379,8772,2414,640,2234,1240,1208,1156,5512,676,2169,998,2180,1328,3511,2213,1734,1389,2957,516,789,2062,1016,1830,NA
"269","Serang",39326,191,2523,1301,938,3116,383,975,6173,1081,240,1145,252,288,245,4972,543,2064,290,659,758,1190,1561,723,955,1283,508,611,2290,794,1272,2
"270","Kota Tangerang",75477,1018,2775,1826,1481,2823,1409,3316,13295,3324,1011,1869,2492,1226,1508,6383,426,2224,1185,2493,1264,3470,2790,1690,1661,5231,465,1154,2624,1092,1866,84
"271","Kota Cilegon",76865,1248,3490,2642,2472,3533,1639,2423,9481,3406,248,1723,1306,951,2002,7455,276,3463,802,2000,1955,3079,4172,2586,1677,4853,447,1262,2637,1269,2369,NA
"272","Kota Serang",68240,656,2853,1829,1306,3596,779,1617,12606,2915,938,1333,914,660,799,6841,666,3292,723,1103,1281,3475,3093,2484,1563,3227,690,643,2458,1143,2726,30
"273","Kota Tangerang Selatan",78451,1644,3248,1424,2148,2515,1552,3785,8116,4164,965,1933,3690,1391,1735,6090,596,2354,1043,2972,1322,5114,3084,1433,1918,5992,1136,940,2814,1495,1823,15
"274","Jembrana",32892,302,1657,1121,1869,1401,412,478,6069,693,124,1099,653,964,661,2492,108,2330,404,912,901,76,79,555,757,1604,620,899,928,805,1626,290
"275","Tabanan",40056,598,1978,1055,2226,1797,602,556,5370,1531,210,910,938,407,951,3355,449,2601,313,1491,922,1217,120,886,886,2190,1585,1082,1598,920,1216,95
"276","Badung",66126,955,2197,1347,2336,2094,1434,959,11763,3451,771,1244,2020,1084,2129,5050,193,3197,694,2436,993,1657,752,1890,1910,4412,1488,1141,2239,1204,2731,355
"277","Gianyar",47170,528,1966,1041,2178,1976,1397,1555,6350,2327,591,640,1258,1299,1366,3900,561,1989,234,1971,978,1715,524,1136,1172,1582,1178,1331,1446,1042,1875,60
"278","Klungkung",23961,289,1201,714,1697,1048,287,520,3411,552,194,982,256,660,526,2346,85,1246,191,863,417,1094,48,615,635,1088,375,307,802,462,914,136
"279","Bangli",32302,281,1337,1263,2027,1708,742,735,4775,606,77,942,823,255,703,2614,151,2962,49,576,744,753,93,868,887,754,610,1198,2444,657,628,38
"280","Karangasem",21475,107,1410,716,1829,848,163,1201,3322,343,68,320,267,385,439,2600,57,1699,118,317,332,78,9,394,583,434,536,589,1043,477,410,382
"281","Buleleng",32406,356,1607,1184,1722,1434,284,457,5578,889,91,957,618,244,541,3345,131,2423,141,1046,668,187,40,1374,554,738,552,619,2095,632,1292,606
"282","Kota Denpasar",78047,1040,2780,1652,3289,2019,1477,995,16638,3543,1388,554,2545,1210,2206,5351,356,3200,1184,3006,1056,1335,910,2598,2432,6748,1278,1037,1806,1073,3271,67
"283","Lombok Barat",44276,278,2659,2181,1912,2553,137,810,4645,706,910,245,610,1106,465,3370,693,4800,581,1221,1252,28,82,2078,1710,941,824,707,2850,1220,2592,112
"284","Lombok Tengah",47081,230,1815,1545,1532,2131,212,1159,7488,326,2810,383,772,3304,368,2462,324,4159,859,1874,1028,32,226,1992,1603,637,1025,1352,3080,947,1391,16
"285","Lombok Timur",47215,513,2516,1813,2196,2972,306,869,6164,476,1699,488,1562,2385,428,2539,223,4963,485,1121,3306,47,469,849,798,418,914,1553,2740,1094,1307,1
"286","Sumbawa",47664,456,1919,1909,2240,2251,325,2025,7630,1131,651,229,1568,1008,589,4319,295,3330,1020,971,750,147,246,2007,2207,2486,1243,1092,1911,940,662,108
"287","Dompu",32992,129,1490,870,2209,2880,558,1211,3268,992,231,74,603,604,73,4131,649,2270,712,295,1957,60,321,961,768,807,1140,1362,1329,696,339,2
"288","Bima",33950,153,2187,1651,1175,2773,259,582,4700,956,543,9,324,459,269,3856,558,2847,785,711,3328,16,53,436,1293,326,994,604,817,678,603,6
"289","Sumbawa Barat",62819,624,3131,2741,2086,2754,261,1325,7381,1078,3024,335,1220,2148,831,4303,361,4417,2518,2441,820,183,413,2119,4191,2831,2629,2284,2649,994,730,NA
"290","Lombok Utara",33284,259,1649,1067,2280,2440,357,1268,3693,362,1047,371,905,1027,1227,1956,530,2490,396,874,1128,13,105,1338,883,407,408,662,1942,944,898,356
"291","Kota Mataram",86753,946,3833,3462,4321,3515,596,1795,10744,2359,3007,459,2765,2546,1925,6064,392,6033,2638,4375,2940,427,773,2614,3094,3182,2190,1758,2487,1856,3440,215
"292","Kota Bima",79100,492,3651,3042,2631,3776,450,1463,15985,2687,1090,66,1312,1119,1181,7582,666,4201,2451,2719,798,234,392,5198,4911,2497,2188,1444,1636,1317,1718,205
"293","Sumba Barat",15761,153,1026,444,60,1092,18,44,1622,231,1514,11,443,708,43,757,124,1057,119,1724,191,47,65,165,465,294,288,180,2437,92,42,303
"294","Sumba Timur",20782,166,1433,502,526,1181,64,225,4845,149,1156,44,345,1140,207,1353,17,588,384,666,208,23,1,904,690,271,244,486,2315,90,167,391
"295","Kupang",15832,64,770,322,886,1006,98,101,4475,91,831,NA,152,721,10,604,87,694,374,295,113,13,NA,250,488,87,196,169,2306,36,69,526
"296","Timor Tengah Selatan",24928,107,812,910,395,1243,88,143,8260,226,963,2,608,564,77,1769,148,1000,455,1150,84,13,3,816,577,87,144,214,2766,125,38,1140
"297","Timor Tengah Utara",23225,252,1101,970,1472,2107,247,251,6098,291,359,19,503,431,70,1136,82,1017,198,661,267,28,38,111,803,205,204,313,2330,233,57,1372
"298","Belu",17042,825,1738,687,816,2144,215,79,1113,446,249,2,207,138,101,1991,114,1327,111,400,224,11,257,333,673,175,226,163,1369,165,60,683
"299","Alor",20766,176,1801,667,472,1288,231,62,4551,169,709,5,420,696,51,628,120,912,514,530,44,14,33,448,1207,181,56,224,3238,166,603,551
"300","Lembata",9638,70,1730,400,737,529,27,29,792,26,813,4,33,362,18,569,40,500,718,157,24,NA,6,253,327,205,41,54,722,64,121,266
"301","Flores Timur",9588,123,1422,370,887,1136,82,201,1172,125,181,NA,35,204,8,466,9,689,205,48,6,7,41,223,147,201,54,144,1013,97,103,190
"302","Sikka",22312,209,2144,562,477,842,240,380,7088,408,410,NA,159,411,127,1174,53,912,260,187,115,45,9,568,783,712,78,377,2489,101,536,461
"303","Ende",24222,194,1745,923,1442,916,227,499,8342,105,550,NA,416,385,68,2088,66,802,573,632,45,NA,12,114,890,287,163,414,1579,88,205,453
"304","Ngada",26447,153,1616,615,950,877,237,116,1743,92,2511,9,468,2644,24,2346,148,687,1971,1580,165,12,91,194,342,42,156,332,4909,120,42,1257
"305","Manggarai",26805,97,1040,894,884,1022,NA,35,1415,104,3177,16,186,3586,42,1649,34,1471,3442,785,28,NA,32,129,310,68,5,299,5650,58,15,332
"306","Rote Ndao",8948,198,407,405,537,956,82,19,2395,175,4,NA,4,81,21,887,38,402,96,346,5,27,NA,98,526,141,34,48,592,46,73,304
"307","Manggarai Barat",28919,172,763,968,725,786,10,217,3551,367,2445,11,396,2825,135,1468,133,1300,1993,1051,168,36,124,115,881,468,470,494,6378,61,82,324
"308","Sumba Tengah",15024,104,584,501,204,800,40,7,557,80,1873,4,92,1166,23,977,110,972,409,1109,221,10,NA,273,297,32,138,212,3240,159,136,694
"309","Sumba Barat Daya",16537,94,1146,571,261,728,38,144,3623,23,1593,13,60,775,5,517,287,684,209,1020,3,4,5,248,292,19,149,343,2678,70,106,828
"310","Nagekeo",16436,192,802,341,444,500,123,139,1264,39,1859,45,220,1529,76,713,112,447,1085,1169,227,NA,NA,181,498,107,35,67,3951,70,107,92
"311","Manggarai Timur",18551,82,620,506,457,860,NA,50,1075,34,2243,NA,235,1647,14,1213,146,806,1362,303,6,2,NA,221,213,7,31,231,5721,38,NA,427
"312","Sabu Raijua",13923,59,1309,602,293,495,682,61,3396,313,480,20,139,169,36,983,132,524,110,409,29,24,2,201,846,453,711,340,738,143,102,121
"313","Malaka",14359,136,1682,853,946,1636,86,41,1131,164,154,NA,83,152,98,1288,128,924,135,428,37,25,120,628,486,75,290,346,1382,155,121,629
"314","Kota Kupang",47357,771,2077,1545,2312,2293,600,568,8899,1833,1237,66,1296,911,408,3262,200,1648,1044,2072,930,62,151,2084,2043,2497,753,2294,2231,693,383,197
"315","Sambas",30003,151,964,831,2487,2815,94,354,4160,1089,352,687,405,530,322,3094,65,1486,296,626,826,580,155,867,193,293,92,236,3386,518,2048,NA
"316","Bengkayang",26509,124,1053,1102,1083,1919,54,228,4688,832,71,77,245,381,154,2539,184,1561,166,527,530,451,5,646,499,695,216,765,2435,581,2255,445
"317","Landak",25432,114,697,708,713,2349,92,90,2794,214,163,14,11,688,462,2593,827,1012,85,345,462,595,55,1381,217,586,134,332,4330,560,1594,1215
"318","Mempawah",28353,187,885,663,947,1731,202,743,1357,1394,1206,156,316,1092,719,3039,261,1050,498,1491,1008,965,99,1486,339,476,351,336,3025,675,1577,80
"319","Sanggau",31126,174,742,688,1110,2052,51,245,6210,766,520,62,202,1063,372,1848,408,1823,406,943,364,445,139,1258,492,1327,268,255,3565,635,1827,865
"320","Ketapang",28487,251,1503,1275,1865,1893,170,1521,1560,1463,380,277,946,438,600,2167,272,1638,313,1003,442,937,203,704,133,1501,147,128,2611,730,1380,37
"321","Sintang",23841,189,508,822,850,2152,95,398,3145,477,2,120,159,468,260,1814,231,1065,52,153,435,373,850,371,277,1525,255,300,4546,688,760,500
"322","Kapuas Hulu",25893,121,986,864,1995,3316,123,267,1213,1377,654,171,193,169,348,2470,345,1012,53,161,720,1010,373,1087,104,1151,226,450,1752,874,2023,284
"323","Sekadau",28844,101,816,760,1044,1850,149,436,6324,595,131,43,381,454,198,1589,247,1002,87,434,374,499,729,204,318,968,296,283,3710,510,2103,2207
"324","Melawi",25377,86,531,833,459,2668,56,107,3758,484,370,72,98,264,390,1430,195,1216,86,510,472,706,1530,603,620,1172,255,318,3367,652,1697,372
"325","Kayong Utara",35703,120,1043,1217,2327,2482,202,2181,6542,1917,342,130,306,425,314,1786,153,1818,266,1900,809,859,100,789,71,393,267,327,3555,793,2269,NA
"326","Kubu Raya",29288,137,1093,649,1538,2136,97,951,5714,1256,211,220,266,433,371,2749,303,1335,147,436,822,549,139,1031,853,527,273,190,1713,820,2306,23
"327","Kota Pontianak",61699,430,1709,1875,2735,2713,280,1024,12692,3330,402,676,779,883,1161,5470,308,2406,489,1863,753,2980,424,3371,1501,1973,183,458,4840,1010,2980,1
"328","Kota Singkawang",57514,315,1954,1514,3939,2383,202,750,12219,1724,219,331,346,967,732,4521,247,2319,500,1588,1140,1678,227,3737,1406,1342,361,1092,6617,1069,1943,132
"329","Kotawaringin Barat",47537,534,1250,1840,2157,2502,228,1151,2488,2499,1280,361,2260,1654,856,4064,231,3040,1976,1953,1044,215,312,3848,1578,1569,816,871,2468,1223,1229,40
"330","Kotawaringin Timur",40604,299,2002,1616,2630,2782,214,920,4153,1401,690,334,1343,492,485,3044,378,3220,749,1234,804,153,105,2789,871,2032,690,1044,2153,898,938,143
"331","Kapuas",29084,299,1513,1074,2713,2797,169,991,1139,1025,432,959,2152,377,612,2471,569,1890,688,450,983,257,46,214,409,909,431,524,1684,597,708,NA
"332","Barito Selatan",36375,544,872,1136,1590,2891,293,1655,519,1928,814,1019,2129,647,739,3615,996,3469,797,729,677,356,199,972,554,1514,541,645,2327,1050,1159,NA
"333","Barito Utara",35007,289,1299,1220,1786,2107,270,855,2391,1491,144,351,3343,604,1146,3859,667,2641,1109,646,226,248,172,1015,408,1484,308,609,2512,728,987,91
"334","Sukamara",42222,276,2084,1294,1765,2498,506,968,3117,2096,224,211,2162,787,917,3025,667,2579,689,1619,1620,791,121,2865,1025,1493,773,623,3234,1424,562,209
"335","Lamandau",42051,474,1671,1555,1675,2614,392,1247,3343,1202,249,567,2111,917,1545,4164,325,2698,430,1853,1793,190,173,659,1350,2139,1349,854,2076,1308,430,700
"336","Seruyan",38404,276,1874,1598,1969,3465,244,942,1237,1472,613,295,1563,876,806,3336,512,3626,243,638,1662,180,178,1675,450,1766,1175,861,1552,1331,1619,366
"337","Katingan",38319,432,1280,1306,4388,2920,209,597,1295,1469,761,683,2382,459,816,4066,315,2497,546,1457,638,212,60,1859,308,1650,622,503,2019,799,1524,245
"338","Pulang Pisau",35106,336,2196,1246,1838,2984,148,1393,3485,811,355,903,2323,627,1156,2995,420,1856,591,830,402,46,32,1173,258,1403,691,423,1669,1227,1180,111
"339","Gunung Mas",38988,207,869,1191,2866,1809,147,679,5164,1352,422,98,1704,478,482,3805,270,2394,571,1826,1417,40,2,1866,414,891,1667,627,2216,679,1943,894
"340","Barito Timur",37055,276,820,998,2396,1582,216,329,3072,1088,1103,577,2053,1081,1073,2345,429,2396,1422,3177,1388,404,155,1910,392,1127,669,376,2647,537,1014,NA
"341","Murung Raya",26722,238,676,1308,1814,1758,136,396,1771,799,302,187,1373,140,388,2359,1373,2448,321,532,2545,217,37,289,336,416,369,856,1546,902,577,315
"342","Kota Palangka Raya",53580,582,1457,1438,2446,2413,200,1229,4863,3731,507,1039,2975,1113,1751,5852,115,1920,1689,2596,652,998,418,1923,1227,2648,845,835,3634,1060,1156,266
"343","Tanah Laut",41796,306,1573,2694,3267,2454,162,1078,3546,824,419,903,2547,972,905,2586,260,4262,691,922,1200,251,84,2719,450,679,436,571,2949,788,1297,NA
"344","Kota Baru",44143,171,1433,2122,3299,2585,124,1113,4649,2058,868,769,2707,902,789,2997,289,4149,1103,1134,579,260,503,2124,887,1426,418,329,2086,1002,1235,32
"345","Banjar",67391,529,2361,2064,3300,3265,161,1065,7901,2853,2709,854,3066,1900,1181,2954,564,5302,3980,5230,2544,561,198,2975,1255,1389,545,657,3756,1309,963,NA
"346","Barito Kuala",47568,520,1944,1805,3371,3109,125,674,3818,1242,2046,594,3251,1067,594,2046,289,4530,2587,2118,2201,517,64,1574,588,1214,312,552,3186,623,1006,NA
"347","Tapin",58181,414,1496,1547,3052,3742,355,1518,6491,2235,1844,1359,3075,2017,1121,3730,892,3225,3713,2932,1967,733,125,1730,686,1034,690,550,3788,1182,938,NA
"348","Hulu Sungai Selatan",53457,371,1632,1884,3892,4353,222,940,5642,1884,1783,1595,1596,2150,559,2479,1038,3208,3563,2165,1592,572,346,2066,554,460,490,600,3515,711,1591,5
"349","Hulu Sungai Tengah",49921,391,1255,1493,3320,3530,229,904,5510,1670,1644,1181,1480,2426,731,1888,627,3329,4844,2676,1787,326,132,803,544,553,503,364,3808,781,1191,NA
"350","Hulu Sungai Utara",50456,145,1562,769,2475,2517,88,1002,6733,2250,1291,502,3380,1605,448,2440,467,4609,3404,3135,946,380,89,2854,804,463,346,523,3070,1197,961,NA
"351","Tabalong",59712,462,1619,1683,3310,3467,405,1259,9840,2494,1696,959,4122,1837,1763,2314,884,3534,2314,2015,2859,681,332,781,544,1319,700,1101,3817,850,749,4
"352","Tanah Bumbu",54184,262,1420,1467,2229,2358,247,1257,6298,2100,2414,704,4486,1800,1077,2956,346,4367,1330,3064,1038,503,428,2992,901,1801,585,439,3160,1101,1034,18
"353","Balangan",50966,225,1074,633,2569,3375,75,795,4286,1632,2312,931,2635,1771,1190,2314,653,4292,2910,3608,1603,518,153,3454,607,465,713,542,3346,908,1375,NA
"354","Kota Banjarmasin",82137,651,2206,2370,3543,3292,589,1693,7764,5479,1740,2557,5008,2896,1862,4730,408,3391,4556,4839,2504,2939,880,3404,1569,1780,635,782,4035,1311,2725,NA
"355","Kota Banjar Baru",63514,745,2379,2383,2705,2709,202,1492,8929,3153,1081,1343,2311,2291,1516,4567,361,3438,3017,3551,1873,940,337,730,1216,2329,900,1309,3604,1162,929,9
"356","Paser",38625,287,1281,1450,1619,2220,195,1157,5070,2343,1283,738,1562,549,945,3085,341,2351,828,983,967,548,557,1713,1001,1862,249,438,1601,838,566,NA
"357","Kutai Barat",42226,280,1572,1390,1253,1973,85,1418,11704,2740,120,210,2207,635,858,2535,223,1251,263,732,1266,311,63,1903,1049,1927,181,639,1813,399,1170,58
"358","Kutai Kartanegara",37888,421,992,717,1655,2191,370,1132,5274,3418,63,117,1324,1023,737,3688,271,1589,406,1233,1150,182,272,1756,548,2149,440,351,2078,835,1506,1
"359","Kutai Timur",56283,1090,1564,1580,1780,2188,666,1817,7092,4634,1423,167,1619,1467,1059,5808,406,1514,782,2519,1240,446,248,1660,2817,3070,730,860,2076,1758,2086,115
"360","Berau",44966,482,1348,1985,2560,2139,123,803,4235,3608,530,87,1054,1245,1433,4044,244,2610,602,1659,745,491,129,2048,2165,2508,740,1376,1793,1198,803,179
"361","Penajam Paser Utara",36387,636,1416,1128,1554,2291,111,858,6471,1599,331,88,1342,847,192,3095,103,2062,335,783,545,41,381,2778,593,2212,326,484,1207,772,1805,NA
"362","Mahakam Ulu",29810,113,755,1537,1594,1938,48,542,1910,891,170,NA,2019,540,207,2561,361,2019,84,184,582,56,5,790,554,2699,582,414,2892,404,1762,1594
"363","Kota Balikpapan",80923,1073,2550,1561,3361,1974,909,1863,15254,4941,730,1571,4370,1623,2061,6344,296,2561,1522,3110,952,1867,626,3155,1978,4150,748,1292,5214,1061,2061,144
"364","Kota Samarinda",55435,550,1664,1457,2367,1745,309,1510,7123,3503,921,442,2206,1522,1247,4498,184,1799,1633,2932,1195,1092,529,2586,1780,2864,515,1010,3804,865,1576,7
"365","Kota Bontang",68167,842,2117,1817,3893,2618,514,1944,9361,4803,721,272,1628,1581,1157,5592,270,2661,1665,3070,1198,613,493,4054,1834,3722,695,1743,3630,1321,2300,38
"366","Malinau",29008,241,313,947,919,1281,133,495,4639,1335,1081,110,951,987,811,1790,167,935,797,1511,769,201,13,661,736,1734,144,264,3182,354,1023,484
"367","Bulungan",48025,366,1397,1886,2908,2717,123,1007,7721,2090,352,66,2728,992,914,3085,87,1649,598,1420,1202,599,261,1587,1204,2175,827,729,3198,684,2551,903
"368","Tana Tidung",40268,489,824,1891,1483,2237,269,1227,6190,2397,338,86,1860,484,494,3250,458,2313,608,1113,870,376,558,456,1385,2719,736,540,2043,1172,1279,121
"369","Nunukan",35733,611,1146,1951,2683,3220,257,394,3344,2271,153,51,962,370,885,2730,351,1369,117,1157,1484,149,313,508,621,2284,580,439,2518,705,1861,249
"370","Kota Tarakan",60476,681,1697,1691,4943,3137,274,1039,8069,4468,836,184,2149,1242,963,5301,260,2103,911,3368,1158,579,356,2518,827,3281,406,556,3951,707,2805,16
"371","Bolaang Mongondow",33267,156,1285,917,2382,2319,361,803,6630,1002,656,62,324,1032,402,3200,337,885,1643,954,368,935,174,269,515,1289,409,384,1720,706,386,763
"372","Minahasa",40723,480,1558,1449,2844,2267,167,665,6121,1389,689,22,557,2026,428,4259,198,836,3713,1094,216,1243,320,1161,1012,1597,351,419,2610,420,239,374
"373","Kepulauan Sangihe",26655,97,1124,1242,3897,2041,15,155,3372,882,1275,5,218,909,38,1220,42,646,1685,586,44,169,NA,1150,268,196,253,132,4042,172,211,566
"374","Kepulauan Talaud",26003,97,1860,635,3064,1723,82,137,3394,272,573,14,21,809,97,1935,220,754,1530,438,238,232,4,716,595,1510,254,154,3302,306,199,839
"375","Minahasa Selatan",33463,248,1404,1238,2771,2407,298,582,6080,772,669,6,612,1005,244,3430,211,726,2263,1255,92,592,138,904,703,1202,367,488,1166,585,279,728
"376","Minahasa Utara",42628,530,2219,1824,3578,2388,364,829,4756,1930,915,23,656,1751,355,3118,200,1167,3415,1520,216,724,144,1514,1271,2638,497,1074,1635,667,279,435
"377","Bolaang Mongondow Utara",28319,95,1439,874,3086,2374,138,511,3720,972,404,65,374,1196,115,2088,362,937,2336,529,50,547,613,435,387,1338,294,426,1747,403,180,286
"378","Siau Tagulandang Biaro",25074,96,789,1139,3333,1317,13,257,2584,649,1161,6,226,1012,23,1464,98,614,1671,503,106,399,NA,323,387,420,89,256,4263,228,243,1405
"379","Minahasa Tenggara",35409,259,1274,1032,3308,2068,144,237,4947,1203,650,13,715,1525,367,3667,187,736,2797,1220,110,195,125,2121,678,1969,194,487,920,433,547,1283
"380","Bolaang Mongondow Selatan",18281,44,852,439,2352,1817,105,419,1606,718,480,NA,37,489,137,2016,179,929,655,447,116,82,287,1290,278,1049,86,115,581,338,231,107
"381","Bolaang Mongondow Timur",28290,338,1432,794,2754,2345,228,1106,3198,1371,162,NA,565,901,199,3474,486,922,1489,567,523,733,130,339,430,983,205,398,1034,728,258,196
"382","Kota Manado",65273,621,1895,1736,3378,2980,606,1340,12340,2554,305,116,1668,3179,476,5733,152,1127,6163,2123,500,2201,266,2614,2213,3422,937,879,2151,910,501,187
"383","Kota Bitung",50850,428,2198,2161,3547,2757,367,771,8400,1725,900,69,1114,1648,451,4153,118,788,2735,1511,285,377,156,4298,1471,2910,1164,850,1830,640,582,444
"384","Kota Tomohon",42978,602,1996,1920,3095,2245,50,333,9898,912,303,13,576,1017,395,4925,96,1122,3133,914,229,1776,214,1227,699,1438,279,702,1659,423,289,498
"385","Kota Kotamobagu",51580,184,2006,1486,2634,2416,228,1484,12247,2815,146,14,542,2135,249,4504,168,1248,4661,1684,1110,1380,214,781,1240,1674,384,1034,1557,850,442,65
"386","Banggai Kepulauan",17574,33,533,600,3487,654,64,555,4043,436,244,NA,46,966,63,857,142,939,334,253,6,116,105,126,493,880,143,211,637,91,352,165
"387","Banggai",21247,72,557,811,2110,1145,106,682,3451,591,562,30,192,932,154,1920,101,1125,813,624,56,100,681,495,296,1146,188,326,1481,327,162,14
"388","Morowali",36637,138,1366,956,1861,1355,358,1694,7048,731,364,55,193,600,108,2204,163,1660,644,689,86,114,1547,4818,733,1938,1231,1067,1969,453,494,NA
"389","Poso",31341,171,767,1459,2508,1507,59,690,7443,534,900,68,279,1332,191,1463,129,1329,963,761,183,227,851,1381,632,1052,416,455,2563,167,244,615
"390","Donggala",23089,284,508,1229,2418,2001,141,631,3912,906,402,15,82,741,108,1277,243,1359,312,339,132,44,1113,1060,339,417,334,402,1601,179,525,37
"391","Toli-Toli",26071,65,411,1094,2449,968,53,687,6668,1252,468,25,143,1000,137,1148,317,1923,931,654,201,108,816,584,362,680,318,495,1511,185,319,99
"392","Buol",22140,96,753,1175,2290,1421,37,443,2387,554,520,2,139,599,103,862,239,1579,1224,670,70,134,1517,811,463,1633,225,701,1079,180,217,17
"393","Parigi Moutong",27199,133,617,949,2172,1584,118,987,5957,506,700,17,424,740,188,1321,208,1393,529,467,59,122,1454,681,597,903,366,458,2433,455,528,132
"394","Tojo Una-Una",25232,92,709,818,2186,1487,268,1214,3293,726,846,34,260,1239,124,908,196,1072,964,1877,68,304,1030,1438,168,789,131,520,1344,312,748,67
"395","Sigi",24048,234,951,849,1552,1363,147,741,3289,422,1089,43,306,876,142,1188,231,1288,1116,1518,376,84,1090,537,368,378,377,300,2262,317,378,236
"396","Banggai Laut",17726,146,1448,570,3122,1385,162,491,2106,565,261,49,132,679,38,1117,120,1177,345,563,17,108,302,366,139,738,76,85,556,170,690,3
"397","Morowali Utara",27748,199,1243,1254,1638,1237,81,751,4599,487,306,7,420,454,124,2196,260,1675,318,727,189,127,1236,832,886,2165,296,464,2134,556,353,532
"398","Kota Palu",56789,505,1393,2040,2492,1696,173,1206,14566,2387,398,37,501,1907,776,4389,253,2658,1808,1947,571,675,3100,1352,1594,3448,799,700,1758,929,650,80
"399","Kepulauan Selayar",38238,104,1533,1329,5133,1302,48,621,2250,2001,3108,20,71,1300,186,3459,261,2309,3167,1166,129,142,181,1107,854,1818,351,430,3543,128,153,30
"400","Bulukumba",24272,386,990,1367,1774,1615,69,918,1738,1197,499,34,303,430,114,3574,291,1117,459,1075,204,98,243,1333,854,817,300,356,1328,462,317,11
"401","Bantaeng",30938,264,1392,1585,2562,3028,250,620,4914,1475,348,43,248,381,147,4262,547,1456,501,576,111,367,1293,299,779,352,609,274,1499,353,392,8
"402","Jeneponto",25734,236,1478,1345,1709,1697,221,1567,2031,1048,416,87,485,287,141,4923,263,1356,484,530,136,67,988,621,441,641,574,353,1071,393,145,1
"403","Takalar",30272,237,1133,1043,1665,1749,114,709,1817,668,1136,41,1282,420,279,6153,347,2410,1305,1283,215,53,266,1006,993,599,349,644,1327,596,399,33
"404","Gowa",36940,356,1605,1659,2104,1859,308,774,4434,1680,924,118,1057,869,166,5972,176,2635,864,1328,226,228,1177,569,1244,966,575,441,1490,573,426,141
"405","Sinjai",42049,299,1258,2664,2340,2846,81,651,2395,1634,2475,43,1202,1467,190,4019,473,2464,2878,2847,235,36,556,1732,1350,390,729,555,3394,462,280,104
"406","Maros",36141,359,1075,1686,1799,1279,96,560,4928,743,396,49,627,643,327,6047,180,3611,745,2004,633,91,795,467,1409,1461,899,581,1662,743,225,20
"407","Pangkajene dan Kepulauan",35744,521,1382,1484,2932,2091,340,1015,3031,1417,616,31,616,527,198,5438,518,2405,347,1001,347,271,1887,920,523,1157,435,752,2154,466,911,10
"408","Barru",20491,166,1121,1555,2108,1701,75,533,2703,650,73,17,223,234,124,3666,281,1156,128,121,106,14,928,201,212,784,203,86,767,205,354,NA
"409","Bone",21020,107,911,1172,904,1283,100,486,4721,397,93,12,179,96,216,3039,153,1341,112,426,291,188,508,187,462,940,559,286,1332,313,205,NA
"410","Soppeng",31048,343,1505,1207,1482,1071,94,475,8761,749,153,2,728,329,272,3238,234,1687,150,222,65,51,486,698,1584,906,237,418,3116,306,447,31
"411","Wajo",34621,252,1453,1509,1919,1624,188,877,10112,1088,50,12,409,223,119,3884,154,2125,400,514,187,102,1084,284,567,1077,1114,443,1676,562,615,NA
"412","Sidenreng Rappang",46578,339,1407,1091,2346,2456,305,1140,10936,2204,486,14,540,649,384,6039,412,1698,663,826,458,232,2136,795,1126,1239,1331,1098,2532,382,1272,41
"413","Pinrang",35189,267,2095,1822,2271,2796,208,778,7090,1218,326,12,659,232,133,3907,163,1867,352,707,221,104,1191,103,747,1055,688,607,1953,426,1165,25
"414","Enrekang",36472,141,1494,1110,1736,1946,133,357,12490,873,713,1,182,475,125,4675,220,1924,503,817,192,60,862,95,707,358,342,251,2060,713,912,3
"415","Luwu",27537,163,1361,1294,1091,1282,154,891,6460,647,405,49,218,381,46,2974,141,1764,617,324,75,256,1572,1093,508,718,470,305,1124,431,666,57
"416","Tana Toraja",30930,66,677,591,655,753,201,148,13747,414,1180,65,23,306,20,1589,150,762,506,1094,151,9,84,561,414,205,49,169,3750,300,91,2203
"417","Luwu Utara",28177,82,891,1047,926,936,89,629,614,239,4137,76,679,2256,68,2156,152,1242,2858,2027,220,57,1764,528,610,347,503,420,1596,272,676,80
"418","Luwu Timur",30287,410,975,1121,1491,1049,207,1415,6048,866,336,23,547,454,202,3223,145,1943,410,1148,250,200,1541,235,783,1192,525,610,2003,529,390,15
"419","Toraja Utara",24126,80,450,920,1308,971,244,115,8995,328,353,1,102,205,8,1754,89,1029,223,345,222,30,99,312,775,143,313,211,2800,190,94,1418
"420","Kota Makasar",54441,882,1576,1432,2699,1972,729,1424,7032,2801,640,208,1505,837,1006,7391,420,2719,1013,3160,661,1117,1003,1771,2144,2813,583,1032,2494,925,414,39
"421","Kota Parepare",63779,423,1735,1800,3457,3162,478,890,12275,3344,887,42,1570,1278,852,6425,596,2668,1761,2471,990,623,610,2776,2506,2024,1331,942,3114,574,2137,39
"422","Kota Palopo",54200,316,1578,1239,1681,1511,425,1487,16592,1387,1399,34,646,1363,406,4979,202,2119,998,1618,109,350,2823,1786,1431,810,1079,1166,2485,642,1422,116
"423","Buton",18803,231,2333,888,2099,2524,845,492,1087,293,495,72,161,686,9,651,265,843,592,327,25,48,294,505,805,235,698,307,280,417,223,72
"424","Muna",26060,61,3315,1493,2097,1650,76,158,6911,216,748,34,248,233,126,1311,44,1661,159,345,10,33,744,610,819,464,485,482,460,311,641,116
"425","Konawe",29788,127,1232,1309,2716,2658,180,1060,6962,427,401,43,619,285,81,2296,236,1502,206,611,297,50,1329,101,1150,968,550,453,824,514,446,157
"426","Kolaka",30875,262,985,1352,2449,2099,239,1087,4547,1473,274,105,667,238,289,4308,308,2212,266,548,200,45,1068,243,1028,1187,476,498,1580,536,295,11
"427","Konawe Selatan",30910,101,1497,1218,2350,2736,127,1638,6082,579,440,201,257,398,45,2137,136,1938,417,517,121,11,1536,182,698,1379,807,765,2025,314,213,42
"428","Bombana",27086,56,1580,1470,1149,1278,70,860,3414,311,1449,41,143,1009,60,2432,178,2147,1217,713,186,25,946,415,886,1510,1022,875,890,210,498,46
"429","Wakatobi",24551,161,4396,893,1629,1437,380,444,2736,791,987,42,146,1098,29,915,58,1122,1173,904,136,7,147,1280,706,793,186,193,1080,129,532,22
"430","Kolaka Utara",39901,194,1561,829,2093,2567,305,1737,11023,1711,261,20,1340,276,459,4236,215,2204,283,457,180,225,923,287,921,1084,1034,466,1933,539,505,32
"431","Buton Utara",21242,72,2685,1036,1628,1606,251,314,4754,292,182,33,65,446,50,564,196,1395,398,415,51,12,252,435,549,959,596,543,582,209,468,205
"432","Konawe Utara",39173,125,837,1365,2217,1539,62,787,15631,637,683,14,377,473,74,2014,350,1408,572,698,210,66,873,807,1870,857,748,800,1516,469,388,707
"433","Kolaka Timur",24272,56,692,676,1805,1591,50,1564,2456,162,1569,28,352,1400,107,1857,65,1756,757,1699,434,14,461,748,829,379,474,300,1382,334,241,34
"434","Konawe Kepulauan",24298,117,1358,940,2405,1810,205,380,6291,339,585,46,75,495,27,974,467,1017,697,106,61,14,931,70,1121,491,376,301,1970,152,442,37
"435","Muna Barat",20205,65,2753,1001,1423,2092,273,416,4447,128,206,110,116,199,10,631,151,1093,161,98,46,8,431,664,773,188,651,360,557,178,616,359
"436","Buton Tengah",25709,168,3271,1329,1691,2459,358,568,2305,1142,1006,9,52,1137,12,1106,348,1163,950,83,9,7,685,1209,1078,552,347,326,706,434,1149,50
"437","Buton Selatan",18766,126,2320,1017,1067,2122,492,93,1252,497,1002,30,26,836,20,1111,230,1065,506,220,1,1,666,856,846,82,422,303,700,271,559,27
"438","Kota Kendari",56953,552,1667,1957,3184,3173,370,1375,7631,2100,2498,50,927,2641,434,4892,284,1827,2858,3753,535,616,1365,1514,2614,2906,1148,892,1089,459,1349,292
"439","Kota Baubau",30187,383,2864,1050,910,1738,109,372,8211,734,316,16,751,502,219,1927,78,1135,563,994,104,111,149,819,1311,1901,414,717,540,525,545,176
"440","Boalemo",25521,74,640,618,1842,1675,145,423,5526,883,860,32,302,642,75,1688,77,1299,1317,459,134,139,548,90,899,1381,337,838,510,510,700,861
"441","Gorontalo",31944,258,1094,1001,2340,2219,521,622,3696,1585,2121,157,526,1065,292,1668,209,1954,2001,1449,72,181,550,569,1106,1074,160,762,977,548,822,346
"442","Pohuwato",28050,130,633,579,1431,1257,276,625,6215,1251,966,13,505,524,269,1535,134,1567,1162,1165,120,189,976,734,966,1938,195,708,934,415,361,278
"443","Bone Bolango",37460,295,1820,758,2622,2028,817,822,4443,3012,3398,40,663,826,287,2133,448,992,1044,1346,89,423,766,559,1886,1341,350,791,1305,585,1101,470
"444","Gorontalo Utara",26294,76,814,801,2044,1736,242,271,5702,1244,1106,NA,302,709,15,1356,82,1262,1198,851,46,76,303,243,615,1502,246,641,1211,358,569,671
"445","Kota Gorontalo",47780,431,1536,1527,2532,1939,376,1082,12912,2074,1327,11,688,1066,388,1627,225,1998,1999,1849,124,376,908,1814,2458,2599,374,866,1301,708,657,10
"446","Majene",27086,172,990,1124,2499,1026,34,535,4949,1253,306,398,52,442,169,2308,230,2936,758,540,100,27,641,810,498,1159,540,350,1734,312,166,24
"447","Polewali Mandar",26559,202,985,1172,1524,1797,32,560,3883,1290,1593,146,280,611,144,2159,276,1692,1359,774,134,58,776,597,454,348,336,570,2238,301,270,2
"448","Mamasa",15963,54,744,424,231,397,10,235,5456,548,1288,5,2,452,NA,550,217,699,1199,390,69,NA,115,207,205,12,40,95,2013,49,82,177
"449","Mamuju",16195,79,698,527,1020,791,13,434,2336,752,369,20,268,254,67,1370,96,1653,311,629,70,25,735,170,363,522,479,197,1143,219,496,88
"450","Mamuju Utara",28274,244,995,1603,2048,1398,85,1214,4108,492,383,59,267,465,326,3442,89,3015,495,366,103,65,933,408,525,1763,496,500,1292,511,583,NA
"451","Mamuju Tengah",26002,68,803,896,1569,874,74,1038,6999,1121,263,123,491,207,108,2311,171,2352,125,484,77,38,876,327,525,835,719,329,1597,305,281,17
"452","Maluku Tenggara Barat",17464,491,4588,685,384,1658,118,332,1668,1233,165,18,136,103,70,503,184,699,232,62,23,54,35,644,626,802,86,183,539,165,273,704
"453","Maluku Tenggara",17992,113,4992,775,264,1143,143,83,1696,592,595,2,348,548,204,653,122,552,859,319,18,156,36,790,702,681,130,188,715,134,387,53
"454","Maluku Tengah",23430,257,4902,464,492,2397,96,337,3632,1454,448,85,247,809,60,974,111,724,385,247,25,150,132,2331,391,761,94,204,321,320,443,141
"455","Buru",24126,334,3593,765,490,2182,193,782,3412,721,435,17,513,683,393,2176,149,1057,384,166,255,52,278,809,616,864,289,571,755,168,937,87
"456","Kepulauan Aru",20115,234,3011,317,679,2065,24,604,2742,1370,284,22,244,88,123,720,19,1005,130,1059,NA,57,1,1009,563,587,381,517,1274,275,176,536
"457","Seram Bagian Barat",19412,417,4731,590,326,2106,10,268,1859,1034,308,34,282,440,27,1001,246,748,255,133,4,116,22,1863,447,193,217,123,535,160,567,350
"458","Seram Bagian Timur",20153,88,3591,691,495,2029,95,159,2658,209,208,2,113,271,177,535,144,1000,210,33,81,10,5,3516,312,349,94,145,1405,111,995,423
"459","Maluku Barat Daya",18679,202,4389,562,298,1092,115,38,1636,320,886,7,85,770,NA,802,170,625,715,855,82,3,8,186,654,529,261,329,1357,125,286,1293
"460","Buru Selatan",13453,267,4058,383,251,1406,35,28,442,536,205,7,181,332,119,437,44,1067,271,367,30,17,7,562,149,346,35,226,316,92,518,717
"461","Kota Ambon",52247,1234,4054,1798,1287,2865,239,615,11383,1646,405,346,1132,1751,936,3273,222,1640,997,1170,253,612,266,3014,3034,1909,557,890,1805,1054,1198,663
"462","Kota Tual",19414,83,4191,952,379,1139,142,299,1863,851,359,NA,640,319,359,1178,64,437,355,434,1,88,21,511,969,996,514,522,849,181,695,21
"463","Halmahera Barat",16275,130,2127,993,1085,1296,104,249,2972,995,257,NA,166,515,73,829,19,626,485,512,163,86,43,18,234,525,192,186,408,125,529,334
"464","Halmahera Tengah",27016,243,2302,745,601,1377,140,845,5897,465,1157,33,195,880,6,663,21,1043,433,2971,14,90,442,212,1208,957,591,588,1054,126,1199,517
"465","Kepulauan Sula",13095,28,3397,298,230,1193,13,85,1435,752,828,9,87,415,44,701,37,401,112,189,NA,48,386,76,364,783,3,18,45,77,722,318
"466","Halmahera Selatan",19595,257,2600,505,384,1400,103,94,4578,546,617,11,100,806,25,657,34,1337,631,240,17,39,169,709,407,234,170,161,1348,14,1268,134
"467","Halmahera Utara",21661,252,2304,766,1525,1775,279,326,1982,1641,224,89,477,513,265,1694,189,931,672,756,73,196,415,77,623,1122,213,157,730,234,935,227
"468","Halmahera Timur",24583,139,2454,513,638,1433,308,481,4695,622,743,4,485,691,85,1694,279,1064,619,1579,528,28,72,336,330,1456,407,236,707,362,1332,263
"469","Pulau Morotai",23552,407,3391,1205,824,3100,206,273,2436,1088,174,NA,176,696,155,846,201,567,846,873,292,150,271,33,937,1825,164,143,906,300,900,165
"470","Pulau Taliabu",8147,25,3150,140,166,629,28,30,963,186,78,NA,NA,75,18,159,16,502,26,37,5,3,24,932,80,173,21,22,95,2,428,135
"471","Kota Ternate",59063,344,4178,1977,4924,4775,488,1515,11735,3325,731,319,986,1760,738,2693,104,1228,2512,3799,190,811,312,1071,1984,1963,597,546,1617,712,1116,12
"472","Kota Tidore Kepulauan",32136,146,4133,1583,1464,1964,183,623,4843,2835,810,73,516,796,381,1732,71,860,957,2279,441,209,172,185,1042,1114,184,275,675,273,1318,NA
"473","Fakfak",32442,553,1054,1020,1134,1803,280,426,5326,729,950,25,559,1121,372,2292,175,1717,1381,1149,159,113,166,322,2323,1515,1262,871,2057,607,324,655
"474","Kaimana",24927,159,1510,823,762,1191,110,516,3301,3158,211,14,441,514,450,1125,342,1240,408,450,93,158,261,1621,1661,1546,665,481,491,140,603,484
"475","Teluk Wondama",15722,42,316,1082,1097,822,1,64,4182,150,76,NA,445,89,81,899,79,1201,54,400,250,32,69,792,649,501,666,275,788,270,209,143
"476","Teluk Bintuni",43746,339,2181,1455,2802,2415,179,781,6639,1228,696,9,596,371,845,3498,250,1811,604,2575,375,55,349,938,5369,2340,1513,720,1609,727,422,57
"477","Manokwari",30579,546,1291,1045,1152,1836,343,736,3485,677,349,68,291,275,726,4705,74,1207,248,622,196,204,449,1611,1858,2319,1699,672,812,698,277,109
"478","Sorong Selatan",16436,124,848,1284,355,1480,96,426,2129,378,230,6,63,199,43,1706,202,716,272,120,7,25,403,653,1448,409,747,200,1032,213,477,146
"479","Sorong",32985,356,1297,1334,1818,1740,374,1144,6894,755,157,196,191,674,402,3264,68,673,476,247,118,491,2340,703,1691,1873,519,681,809,535,986,177
"480","Raja Ampat",18703,437,2668,1940,1091,1744,134,133,1755,725,439,86,125,317,31,583,92,1333,433,269,NA,32,182,506,902,225,647,355,516,66,589,349
"481","Tambrauw",16377,322,2160,2270,1001,810,128,32,1105,52,81,NA,NA,29,18,2742,10,1095,119,277,145,34,NA,200,38,233,720,455,349,122,401,1431
"482","Maybrat",30262,400,1420,1822,698,1295,306,128,6762,805,1155,1,35,770,181,2480,91,695,918,1055,52,99,56,652,1788,960,1030,530,1852,555,436,1234
"483","Manokwari Selatan",30036,334,1473,1149,1967,2182,413,681,3077,634,760,8,461,1187,796,3738,146,1816,803,570,61,52,423,190,1763,1216,1869,635,404,478,525,225
"484","Pegunungan Arfak",11681,96,1145,1204,214,1152,1,7,2196,288,18,NA,NA,65,9,1492,212,485,27,41,62,6,10,71,1229,439,586,319,233,NA,75,NA
"485","Kota Sorong",51620,991,2045,1307,3467,1687,476,1159,13069,1932,509,57,556,801,449,4459,171,1532,1030,704,210,692,1105,1475,2582,3902,620,1327,1188,895,695,526
"486","Merauke",40820,305,1389,1071,1961,2621,518,2125,4023,1994,170,248,763,766,595,5227,117,1707,325,638,525,460,205,1319,2631,2931,2354,789,1627,506,490,418
"487","Jayawijaya",9386,148,174,496,162,841,1,64,325,253,NA,6,1279,203,1169,376,9,179,45,1197,17,10,37,73,143,1776,181,44,119,47,9,NA
"488","Jayapura",29286,510,1366,896,1456,1529,387,712,4500,1184,103,277,821,243,738,2655,251,616,87,430,160,332,538,894,1465,2475,1124,519,1141,469,402,1006
"489","Nabire",46617,718,2164,609,2510,3157,813,1919,5472,2696,268,494,750,564,477,6887,562,1083,252,611,679,639,685,718,2036,4081,1169,728,1293,609,1592,383
"490","Kepulauan Yapen",23333,233,923,350,1272,2534,218,1010,4997,795,145,121,331,398,1052,1560,147,395,397,43,15,97,13,1347,519,986,380,322,1385,130,404,814
"491","Biak Numfor",23619,664,742,836,2264,1817,236,672,2160,772,93,104,382,173,207,2758,254,594,97,368,57,392,130,1043,1342,2362,694,456,816,205,449,480
"492","Paniai",616,NA,34,3,14,38,1,NA,67,NA,7,NA,NA,86,NA,51,NA,132,33,104,NA,NA,NA,NA,NA,NA,NA,3,28,NA,14,NA
"493","Puncak Jaya",8044,144,1767,2741,9,1312,44,NA,NA,96,NA,NA,203,NA,NA,123,NA,157,NA,NA,NA,44,NA,NA,NA,164,68,NA,1173,NA,NA,NA
"494","Mimika",43653,733,2085,803,1703,2462,771,1470,6731,2821,975,55,744,578,426,4071,342,1221,1147,691,170,578,167,1631,1459,3853,1398,1060,1485,1021,837,165
"495","Boven Digoel",17275,267,570,668,815,927,55,330,1447,300,268,NA,116,203,13,1224,107,442,492,1754,33,NA,101,299,1592,1550,948,533,1159,84,162,815
"496","Mappi",10514,279,510,810,630,1470,49,244,1430,481,181,NA,53,45,NA,1092,71,444,124,267,12,58,30,314,765,332,359,111,233,92,30,NA
"497","Asmat",22974,46,722,2009,1406,3627,135,233,1083,997,30,NA,271,16,103,469,7,1147,435,160,1,NA,NA,355,5657,92,2214,1175,485,22,77,NA
"498","Yahukimo",989,NA,NA,60,42,2,NA,NA,356,5,NA,NA,NA,NA,NA,5,NA,2,NA,3,NA,NA,NA,34,138,261,38,28,NA,NA,15,NA
"499","Pegunungan Bintang",17629,1,2153,3866,1292,2630,NA,47,1513,NA,398,NA,22,16,111,190,446,3989,NA,20,NA,NA,17,NA,43,NA,178,NA,698,NA,NA,NA
"500","Tolikara",4750,NA,97,1583,42,533,NA,NA,144,NA,68,NA,NA,39,NA,461,NA,917,NA,182,NA,NA,NA,NA,278,NA,117,51,238,NA,NA,NA
"501","Sarmi",26555,91,1586,406,684,1763,276,686,2052,2021,1409,NA,1062,1003,857,2024,71,1067,1261,638,79,558,35,484,1415,1743,1079,423,1095,540,150,NA
"502","Keerom",20965,252,608,1291,1681,1204,106,814,2192,413,219,84,254,222,265,4292,117,483,97,285,42,93,249,635,452,2809,792,168,424,204,146,72
"503","Waropen",14306,302,907,808,683,1726,17,762,480,566,71,58,328,68,46,1699,41,610,466,942,31,10,NA,39,625,1458,687,225,364,4,128,157
"504","Supiori",19039,197,1249,1020,1265,644,NA,7,3620,112,843,NA,261,118,262,1985,217,772,819,286,5,15,NA,87,1276,591,571,381,1882,65,203,286
"505","Mamberamo Raya",26681,1,1536,1383,1448,3425,149,NA,4384,233,1457,NA,225,660,225,2344,196,2870,2705,379,6,NA,NA,NA,492,632,1433,228,236,NA,NA,35
"506","Nduga",24385,83,44,8214,674,11349,281,NA,1535,34,NA,NA,NA,NA,NA,48,1172,814,NA,77,NA,NA,NA,NA,52,NA,NA,8,NA,NA,NA,NA
"507","Lanny Jaya",10186,NA,NA,7719,58,43,NA,NA,NA,NA,NA,NA,NA,NA,NA,NA,NA,NA,NA,NA,NA,NA,NA,NA,89,420,1840,17,NA,NA,NA,NA
"508","Mamberamo Tengah",1247,19,23,721,NA,17,NA,NA,185,106,NA,NA,12,NA,NA,51,10,NA,NA,40,NA,NA,NA,29,27,NA,7,NA,NA,NA,NA,NA
"509","Yalimo",14905,21,218,1599,56,958,NA,80,3938,120,NA,NA,NA,NA,NA,261,1939,317,NA,32,NA,18,NA,NA,58,NA,1888,58,3316,30,NA,NA
"510","Puncak",8898,NA,NA,755,115,6958,NA,NA,NA,21,NA,NA,NA,NA,NA,370,NA,NA,NA,194,NA,NA,NA,NA,49,436,NA,NA,NA,NA,NA,NA
"511","Dogiyai",4992,92,486,133,124,645,22,NA,1592,42,170,NA,NA,6,NA,55,17,11,NA,79,NA,NA,NA,11,74,3,611,140,679,NA,NA,NA
"512","Intan Jaya",1468,153,9,7,5,542,NA,NA,282,13,22,NA,NA,7,53,NA,5,NA,4,30,NA,NA,NA,NA,124,NA,188,NA,9,NA,15,NA
"513","Deiyai",NA,NA,NA,NA,NA,NA,NA,NA,NA,NA,NA,NA,NA,NA,NA,NA,NA,NA,NA,NA,NA,NA,NA,NA,NA,NA,NA,NA,NA,NA,NA,NA
"514","Kota Jayapura",56616,795,1165,912,3382,1873,560,2051,10783,4084,382,167,1928,465,1267,7638,366,805,966,1140,354,663,491,3543,2021,2563,1114,678,2301,648,981,531
"515",NA,NA,NA,NA,NA,NA,NA,NA,NA,NA,NA,NA,NA,NA,NA,NA,NA,NA,NA,NA,NA,NA,NA,NA,NA,NA,NA,NA,NA,NA,NA,NA,NA
"516","Rata-rata Pengeluaran Perkapita Seminggu Menurut Kelompok Makanan Minuman Jadi Per Kabupaten/kota Subdirektorat Statistik Rumah Tangga",NA,NA,NA,NA,NA,NA,NA,NA,NA,NA,NA,NA,NA,NA,NA,NA,NA,NA,NA,NA,NA,NA,NA,NA,NA,NA,NA,NA,NA,NA,NA,NA
