"","kabupaten_kota","sayur_sayuran","bayam","kangkung","kol_kubis","sawi_putih_petsai","sawi_hijau","buncis","kacang_panjang","tomat_sayur_tomat_ceri","wortel","mentimun","daun_ketela_pohon_daun_singkong","terong","tauge","labu_labu_siam_labu_parang","bahan_sayur_sop_cap_cay_kimlo_paket","bahan_sayur_asam_lodeh_paket","nangka_muda","pepaya_muda","jengkol","bawang_putih","bawang_merah","cabe_merah","cabe_hijau","cabe_rawit","sayur_sayuran_lainnya"
"1","Aceh Timur",10708,589,423,174,18,39,59,303,681,235,161,131,146,213,49,61,320,25,44,578,1895,744,1656,874,1199,92
"2","Aceh Tengah",15495,453,571,219,93,289,362,261,599,239,160,369,440,204,710,20,53,29,14,70,2645,944,2998,1070,1750,933
"3","Aceh Barat",13522,801,735,141,50,296,81,575,221,403,205,513,417,226,139,51,NA,54,24,320,2220,729,2582,280,2071,389
"4","Aceh Besar",11799,831,744,215,50,198,136,290,1159,389,188,204,160,187,74,15,17,81,99,9,1829,700,2250,675,1078,224
"5","Pidie",11580,695,440,134,24,144,90,352,1250,254,270,73,169,224,111,144,363,49,33,24,2382,684,2130,690,711,140
"6","Bireuen",11554,558,490,145,49,112,19,262,101,286,274,139,190,218,103,310,472,54,108,162,2529,709,2424,665,914,261
"7","Aceh Utara",9131,551,328,151,18,59,58,278,353,163,89,117,160,228,74,170,436,29,30,224,1488,626,1703,709,1000,88
"8","Aceh Barat Daya",10202,472,403,107,29,194,48,309,214,179,145,179,383,166,88,18,22,61,33,102,1783,498,2804,124,1652,191
"9","Gayo Lues",13207,524,473,302,61,286,195,480,1564,223,104,191,594,128,257,1,3,197,66,270,2130,629,3000,234,965,328
"10","Aceh Tamiang",10431,458,543,176,95,181,87,361,82,191,113,340,230,124,79,35,106,30,18,285,1798,804,2169,657,1266,202
"11","Nagan Raya",15973,876,718,355,99,408,82,549,565,355,317,260,543,372,144,66,9,35,29,190,2664,1041,2718,293,2993,292
"12","Aceh Jaya",11457,635,477,188,77,197,36,452,117,220,270,359,436,169,155,10,6,103,54,94,2038,651,2378,404,1508,422
"13","Bener Meriah",13785,647,698,239,140,142,391,360,482,163,107,278,446,214,697,16,73,43,6,71,2053,808,2375,853,1294,1189
"14","Pidie Jaya",13351,901,644,241,11,196,23,502,1325,244,278,126,184,343,115,88,175,56,70,48,2538,808,2688,723,930,92
"15","Kota Banda Aceh",13676,730,631,258,111,336,111,215,695,679,341,176,220,235,89,214,103,7,17,69,2320,788,2947,686,1039,661
"16","Kota Sabang",13831,931,816,149,54,508,114,340,1100,460,175,228,125,222,113,130,152,42,81,49,2290,983,2867,656,1050,198
"17","Kota Langsa",12021,488,547,128,79,213,97,236,74,376,237,259,201,165,122,142,290,37,21,424,2136,951,2453,796,1166,383
"18","Kota Lhokseumawe",11652,529,479,189,79,203,72,212,298,341,148,135,223,283,93,273,302,29,57,213,1967,674,2857,775,1006,218
"19","Kota Subulussalam",10333,528,447,260,125,192,105,341,280,176,186,298,441,80,163,15,9,94,34,274,1896,612,2889,203,567,119
"20","Nias",8627,141,435,125,50,1,28,167,32,84,68,904,605,22,8,NA,NA,114,61,3,1674,630,1218,151,1868,238
"21","Mandailing Natal",12223,370,381,265,103,133,137,406,569,145,149,588,493,117,156,4,4,5,16,249,1822,384,4291,137,1064,234
"22","Tapanuli Selatan",13931,433,419,325,211,169,221,377,1174,248,123,764,419,100,145,9,0,44,92,341,2017,645,4591,127,702,232
"23","Tapanuli Tengah",9973,473,431,169,188,234,63,109,133,234,194,636,215,48,82,17,1,15,10,101,2029,549,3527,53,332,130
"24","Tapanuli Utara",11253,531,319,317,495,512,144,116,352,409,124,647,185,67,157,8,NA,6,NA,42,2212,996,2663,67,711,174
"25","Toba Samosir",12438,801,418,307,744,498,167,141,323,661,167,531,193,92,137,30,NA,7,13,68,2295,1254,2555,67,734,236
"26","Labuhan Batu",11521,578,526,329,192,188,159,286,387,228,143,441,347,103,60,13,16,70,58,122,1986,1031,2597,363,1174,124
"27","Asahan",13488,579,565,262,308,238,171,410,234,315,163,517,601,133,93,12,6,166,161,199,2036,1003,2901,803,1476,136
"28","Simalungun",13397,560,480,226,313,246,180,299,364,207,92,569,363,111,152,61,2,124,144,557,2188,1107,2845,542,1381,282
"29","Dairi",11488,480,255,302,360,267,181,164,1393,331,113,464,303,32,161,12,NA,6,9,59,1947,1138,2034,70,1271,137
"30","Karo",17398,624,480,469,439,342,400,272,2128,192,92,541,422,125,693,18,NA,20,14,189,2492,1417,3077,382,1965,606
"31","Deli Serdang",13481,654,536,239,263,257,99,433,781,247,184,387,411,224,135,114,72,45,95,577,1967,1035,2667,433,1448,178
"32","Langkat",13729,434,560,191,181,326,127,424,855,208,148,482,491,182,173,39,47,89,120,552,2123,985,2694,428,1630,240
"33","Nias Selatan",10289,257,336,376,77,19,31,148,42,178,75,996,819,32,16,2,NA,80,61,39,2170,775,1995,107,1508,152
"34","Humbang Hasundutan",10635,375,201,253,584,386,84,102,108,427,137,546,205,107,312,3,3,NA,2,160,2241,919,2497,39,748,196
"35","Pakpak Bharat",10615,642,223,336,197,320,103,142,368,301,81,833,404,49,264,2,NA,13,1,398,1894,909,1801,57,1077,199
"36","Samosir",13975,618,421,406,669,498,91,100,1842,576,226,456,201,27,94,3,NA,NA,NA,217,2357,1374,2154,69,1302,274
"37","Serdang Bedagai",12973,611,513,183,254,238,88,359,191,298,120,348,479,104,83,24,12,92,158,637,2069,899,2942,583,1474,212
"38","Batu Bara",11636,505,497,228,191,219,116,180,60,236,115,351,322,84,78,84,18,85,76,278,1969,874,3253,668,1034,118
"39","Padang Lawas Utara",12033,562,623,401,112,190,136,302,523,169,227,661,739,56,76,4,10,16,44,305,1942,485,3255,148,806,242
"40","Padang Lawas",12502,529,569,334,144,153,113,409,479,163,275,612,581,54,193,12,6,30,33,483,1892,589,3561,102,910,275
"41","Labuhan Batu Selatan",14146,610,660,439,222,176,161,428,145,271,238,512,694,151,85,33,10,150,164,197,2217,1126,3108,465,1718,166
"42","Labuhan Batu Utara",13136,459,564,401,189,310,185,349,126,287,166,584,554,121,99,35,11,126,178,260,2303,895,2611,485,1600,236
"43","Nias Utara",8107,211,533,108,58,7,97,241,48,101,59,679,583,7,39,11,4,69,82,9,1461,549,1193,386,1429,142
"44","Nias Barat",7081,203,434,111,22,20,36,176,13,78,17,1037,421,14,7,NA,1,68,126,4,1417,556,1403,72,620,225
"45","Kota Sibolga",9297,545,460,98,226,353,88,117,5,256,141,290,128,60,82,52,13,2,2,74,1543,436,3907,52,139,227
"46","Kota Tanjung Balai",10012,471,427,239,204,236,173,166,122,240,210,345,354,130,132,11,NA,46,23,152,1575,640,3028,410,428,249
"47","Kota Pematang Siantar",11732,616,557,160,424,361,209,195,368,424,175,381,207,145,184,61,7,17,0,211,1837,1114,2670,379,724,306
"48","Kota Tebing Tinggi",14030,630,501,259,279,370,126,232,1328,407,158,235,418,143,82,26,15,35,44,617,2039,997,3267,503,1122,196
"49","Kota Medan",12814,613,508,173,282,321,178,239,1070,355,189,257,250,180,115,199,84,22,17,357,1782,1070,2951,464,856,280
"50","Kota Binjai",14345,487,602,234,259,330,137,473,1095,366,163,300,453,251,87,138,60,26,59,373,2024,1032,3270,353,1476,298
"51","Kota Padangsidimpuan",11298,465,442,160,154,237,141,247,262,305,174,486,290,133,128,37,20,26,32,161,1881,595,3729,155,380,657
"52","Kota Gunungsitoli",10657,284,664,179,171,66,93,348,218,209,190,957,744,106,29,NA,NA,101,97,35,1701,622,1644,50,1840,312
"53","Kepulauan Mentawai",14863,255,813,238,71,NA,186,262,402,412,392,782,424,58,37,4,NA,37,34,393,3030,1044,4750,270,862,108
"54","Pesisir Selatan",14753,340,486,214,44,50,85,277,289,230,253,283,441,182,84,11,NA,93,18,1175,2325,470,6605,303,345,151
"55","Solok",15083,479,324,180,34,36,217,59,335,213,285,273,337,201,68,6,NA,34,15,1683,1967,416,7287,372,113,150
"56","Sijunjung",16346,438,388,308,104,59,208,204,483,391,309,402,451,196,147,NA,4,168,22,2652,2115,493,4467,303,1516,517
"57","Tanah Datar",13461,429,409,183,124,74,259,47,540,266,148,261,242,189,132,28,NA,103,21,1261,2089,433,5367,224,275,358
"58","Padang Pariaman",14357,450,546,200,103,42,149,175,495,289,179,285,390,183,91,38,2,140,2,1311,2019,736,5236,383,727,187
"59","Agam",14084,499,399,197,128,56,213,117,380,357,231,278,394,224,96,30,NA,94,18,710,2205,732,5848,377,343,157
"60","Lima Puluh Kota",13490,401,334,249,125,46,192,124,294,219,199,428,472,182,115,NA,NA,188,12,759,2028,487,5499,213,518,406
"61","Pasaman",13260,354,312,280,84,115,185,299,253,194,207,431,578,133,82,2,2,134,9,1166,1801,467,4487,248,1187,252
"62","Solok Selatan",19273,477,332,244,67,70,352,297,842,317,457,377,738,244,132,21,NA,100,6,2327,2576,772,6986,799,485,257
"63","Dharmasraya",17497,505,451,335,143,124,241,251,568,388,329,443,575,188,109,48,6,107,58,2129,2515,703,4995,679,1258,350
"64","Pasaman Barat",13232,347,414,259,55,84,155,357,132,261,283,369,605,161,150,54,NA,58,17,1090,1788,394,3863,83,2161,91
"65","Kota Padang",16061,638,728,178,176,139,306,127,659,435,233,202,399,440,147,49,9,51,4,1002,2114,619,6368,474,293,272
"66","Kota Solok",14168,588,534,133,108,81,187,142,800,344,383,161,403,309,160,10,3,61,9,1307,1921,488,5146,552,206,133
"67","Kota Sawah Lunto",16441,562,555,181,161,82,278,157,580,447,288,216,334,314,151,38,13,121,5,2234,2181,790,5410,613,450,281
"68","Kota Padang Panjang",12742,701,589,132,194,138,234,70,377,365,238,158,294,381,165,124,9,25,4,601,1605,667,4947,502,74,150
"69","Kota Bukittinggi",13449,665,575,182,173,111,257,100,473,432,302,135,380,296,197,49,7,84,9,540,1837,664,4984,526,279,192
"70","Kota Payakumbuh",12666,547,477,168,144,70,185,94,229,366,217,182,303,255,129,22,4,78,1,534,1845,653,5290,500,224,151
"71","Kota Pariaman",13774,629,488,184,152,74,182,160,675,479,177,149,260,291,120,9,5,63,4,810,2021,690,4967,321,501,365
"72","Kuantan Singingi",16694,576,572,424,128,111,241,324,326,285,453,326,420,213,81,23,6,86,37,1068,2606,1226,4829,542,1639,153
"73","Indragiri Hulu",17404,643,643,430,124,206,259,367,409,342,590,443,586,212,157,198,78,139,115,963,2524,1225,4085,627,1774,263
"74","Indragiri Hilir",13558,486,660,528,77,165,226,275,165,241,471,354,367,224,125,8,7,78,39,842,2079,1219,2829,239,1500,354
"75","Pelalawan",17423,744,702,470,203,201,328,421,263,385,469,450,508,209,115,66,83,109,77,969,2287,1118,3687,969,2446,145
"76","Siak",15629,677,709,334,166,258,214,348,564,455,310,260,453,190,86,44,36,85,80,793,2289,1362,3708,344,1745,118
"77","Kampar",17532,707,612,363,134,162,300,412,418,437,396,396,544,206,97,40,19,87,48,906,2728,1246,4644,449,2029,152
"78","Rokan Hulu",17960,711,622,516,242,230,253,516,596,421,425,370,807,174,148,99,11,78,79,644,2725,1218,4420,389,2104,162
"79","Bengkalis",14744,609,590,306,208,198,216,330,575,401,436,350,479,252,71,22,69,99,56,807,1957,1104,3642,382,1365,221
"80","Rokan Hilir",15675,552,574,434,325,220,278,529,511,344,359,330,711,202,89,51,7,134,84,603,2240,1323,2961,506,2146,162
"81","Kepulauan Meranti",12879,586,656,495,73,213,116,382,183,272,414,350,483,360,71,16,19,68,18,740,1870,1473,2002,258,1414,346
"82","Kota Pekanbaru",14600,575,481,177,239,142,249,185,382,497,255,179,335,249,159,41,42,46,11,680,2178,914,4843,433,892,415
"83","Kota Dumai",15011,593,658,298,245,213,199,224,266,442,329,234,418,281,90,8,14,112,36,834,2363,1145,3971,218,1568,252
"84","Kerinci",15188,448,260,302,61,57,451,160,570,273,306,358,633,282,233,1,NA,18,13,1026,2109,719,5975,346,177,410
"85","Merangin",17113,547,561,256,116,132,293,454,520,234,341,397,729,129,108,50,50,89,65,1096,2229,888,5174,121,2232,302
"86","Sarolangun",15428,486,620,318,138,133,215,428,383,173,315,566,576,121,90,97,23,182,119,1186,1982,959,3563,224,2212,320
"87","Batang Hari",13897,577,612,254,179,177,209,385,241,265,326,401,502,203,88,45,22,78,90,921,1956,922,3442,153,1689,157
"88","Muaro Jambi",19570,800,734,390,225,301,327,530,482,442,460,370,450,350,126,129,131,78,51,970,2493,1521,4887,497,2638,186
"89","Tanjung Jabung Timur",17532,837,629,427,230,249,253,569,333,472,565,400,657,244,170,136,104,211,61,873,2322,1332,3892,239,2142,186
"90","Tanjung Jabung Barat",13442,727,636,426,195,165,293,345,210,395,342,358,429,207,111,68,31,78,51,519,1865,1021,2507,148,1925,390
"91","Tebo",15417,503,562,364,132,166,185,415,375,256,390,485,680,150,136,60,43,186,130,1346,1870,825,3619,230,2012,296
"92","Bungo",17479,504,616,363,108,157,191,428,262,272,524,539,686,179,154,72,23,94,113,1555,2078,744,4867,216,2113,622
"93","Kota Jambi",16361,743,729,318,259,362,275,353,178,510,386,226,303,402,238,104,171,92,72,644,2178,1068,4533,369,1270,578
"94","Kota Sungai Penuh",15466,616,395,218,74,71,413,168,768,249,271,341,484,221,158,16,NA,44,14,1145,2194,583,6480,207,155,180
"95","Ogan Komering Ulu",12358,509,638,361,229,139,91,417,527,290,177,419,424,153,174,308,202,78,72,318,1554,1150,1813,123,1898,293
"96","Ogan Komering Ilir",15632,506,522,622,232,171,170,579,443,380,577,442,447,115,175,276,202,211,155,396,2348,1445,2163,486,2181,388
"97","Muara Enim",12126,443,463,315,129,229,110,291,458,239,166,321,487,147,122,326,228,47,32,285,1637,1191,2799,332,1047,283
"98","Lahat",13362,374,505,387,357,158,290,252,754,301,217,330,602,213,250,131,49,103,84,398,1562,1297,2919,214,1038,577
"99","Musi Rawas",13200,389,453,308,205,222,205,415,364,205,188,514,564,124,113,315,195,229,162,632,1730,1155,2269,162,1787,296
"100","Musi Banyuasin",15424,656,606,547,200,256,271,576,468,394,400,487,517,202,124,139,276,262,115,501,2182,1426,2468,399,1677,274
"101","Banyu Asin",16584,703,797,581,270,244,147,606,343,453,399,501,529,233,84,320,441,135,142,403,2146,1578,2583,313,2357,277
"102","Ogan Komering Ulu Selatan",12596,335,312,344,79,150,283,330,915,138,159,409,606,198,197,68,68,72,59,607,1742,1335,1525,201,2189,275
"103","Ogan Komering Ulu Timur",12872,422,497,204,147,100,169,571,364,188,233,473,549,93,126,401,128,273,180,284,2021,1288,1125,239,2507,291
"104","Ogan Ilir",11089,406,392,325,207,251,112,190,298,346,391,233,333,153,124,152,140,21,25,148,1766,1229,2325,212,1033,277
"105","Empat Lawang",10726,334,494,259,166,103,265,201,609,188,142,211,680,129,126,38,21,176,104,563,1064,924,1840,73,1149,870
"106","Penukal Abab Lematang Ilir",11001,465,399,373,194,192,77,258,359,155,212,253,454,111,66,136,164,25,27,192,1542,1065,2646,437,1053,148
"107","Musi Rawas Utara",12795,515,433,410,174,149,195,349,364,158,310,346,565,119,121,191,122,122,98,901,1595,1091,2947,94,1067,360
"108","Kota Palembang",11468,485,544,236,347,184,118,238,378,362,263,120,229,175,176,597,455,44,30,162,1599,1130,2309,189,755,344
"109","Kota Prabumulih",9047,406,411,189,194,107,60,160,361,215,162,212,249,138,87,284,184,19,13,99,1376,1105,1852,121,708,332
"110","Kota Pagar Alam",12338,200,272,387,247,149,332,233,621,278,167,290,453,336,273,160,8,137,75,439,1069,1304,2966,342,925,673
"111","Kota Lubuklinggau",12487,466,453,318,253,171,249,227,633,308,269,281,487,212,266,159,116,139,130,801,1436,1149,2250,158,1172,386
"112","Bengkulu Selatan",12974,261,494,208,204,79,90,406,436,175,182,373,515,62,46,303,23,300,138,1044,1303,912,4147,105,666,503
"113","Rejang Lebong",14199,318,469,339,209,222,387,216,383,227,187,381,535,242,248,34,34,41,26,976,1479,1114,3755,192,1613,572
"114","Bengkulu Utara",15658,508,648,260,255,196,219,483,283,299,319,475,748,149,100,443,89,239,153,1049,1953,1128,3315,172,1474,700
"115","Kaur",14345,393,618,448,202,80,126,599,474,116,197,348,819,93,82,124,24,282,200,917,1532,1076,4143,49,1106,297
"116","Seluma",12617,421,621,287,180,163,147,497,211,213,156,379,786,91,96,112,17,301,147,581,1313,759,3788,40,784,528
"117","Mukomuko",16461,566,697,344,88,108,146,592,304,342,272,537,898,129,93,211,76,207,138,880,2270,1194,4111,258,1626,372
"118","Lebong",15562,281,366,287,245,157,396,348,545,266,297,272,822,200,85,47,10,61,83,1009,1748,1163,4840,310,1011,714
"119","Kepahiang",14275,289,445,283,154,286,348,179,410,181,155,432,733,167,133,64,16,115,99,1153,1663,1213,2979,183,1916,679
"120","Bengkulu Tengah",14737,437,601,280,218,176,254,469,369,237,273,403,844,85,111,175,7,175,187,1027,1405,843,4132,74,1260,695
"121","Kota Bengkulu",14143,663,718,328,356,243,224,307,234,376,330,214,518,210,120,241,94,102,67,932,1665,1045,3565,145,930,517
"122","Lampung Barat",15607,463,486,366,170,138,551,412,763,306,249,552,649,262,394,118,99,101,123,843,1984,1594,1039,96,3317,533
"123","Tanggamus",12673,329,449,152,71,103,295,506,603,117,198,402,500,210,220,272,192,89,184,797,1540,1115,1254,79,2772,222
"124","Lampung Selatan",16177,496,574,124,170,197,173,469,512,185,370,495,554,214,150,573,435,121,317,728,2247,1615,1753,199,3115,391
"125","Lampung Timur",12512,427,449,138,117,72,168,461,284,137,216,478,622,104,72,359,150,193,323,286,1998,1447,886,261,2704,161
"126","Lampung Tengah",13699,418,495,83,100,90,162,638,304,163,229,545,669,87,149,386,189,258,400,337,1975,1500,1067,237,2937,284
"127","Lampung Utara",13794,347,457,151,95,80,96,404,545,193,294,496,639,118,157,264,123,157,236,673,2027,1659,1560,254,2577,191
"128","Way Kanan",15431,451,534,296,116,83,168,643,528,248,350,723,759,110,173,354,142,290,366,732,2138,1496,1504,182,2833,211
"129","Tulangbawang",12884,395,446,122,92,66,113,474,381,179,252,512,571,57,103,309,239,206,242,286,1914,1268,1183,65,3235,173
"130","Pesawaran",13864,390,506,97,96,154,201,497,549,134,195,459,535,240,142,383,251,176,315,743,1804,1237,1403,303,2759,294
"131","Pringsewu",13456,292,527,62,88,160,194,510,456,165,172,424,569,232,120,457,218,152,396,548,1855,1518,1043,248,2618,434
"132","Mesuji",14724,461,627,174,102,113,175,832,273,197,238,509,878,80,175,281,112,297,383,374,1984,1367,811,198,3729,354
"133","Tulang Bawang Barat",12495,342,414,93,75,67,100,500,317,107,267,524,619,70,145,494,159,226,262,393,1907,1293,1377,84,2466,193
"134","Pesisir Barat",15675,492,723,367,99,99,387,568,772,193,152,480,727,192,158,186,104,185,259,575,2166,1498,2601,98,2391,203
"135","Kota Bandar Lampung",15119,594,566,137,275,309,202,359,546,412,313,136,354,263,191,748,541,58,71,464,1909,1494,2556,344,1967,309
"136","Kota Metro",14887,446,634,111,218,152,162,490,391,268,311,311,564,209,216,597,359,191,230,239,1848,1508,2106,255,2517,557
"137","Bangka",15890,854,719,120,160,865,185,400,178,413,536,520,378,333,64,39,89,77,360,119,2763,1338,2192,21,2857,310
"138","Belitung",17549,805,886,169,265,798,83,255,137,283,456,211,373,462,53,550,403,105,169,24,2836,1090,2812,113,3775,436
"139","Bangka Barat",17101,892,590,190,390,872,106,319,274,359,560,408,360,329,145,112,51,132,327,206,2782,1301,2726,126,3293,250
"140","Bangka Tengah",17569,897,788,209,231,781,155,482,216,414,563,486,299,392,65,24,68,153,395,223,3022,1064,2205,100,4007,328
"141","Bangka Selatan",15533,554,637,234,105,423,40,596,178,199,624,446,498,220,57,68,103,135,395,106,2441,832,1995,79,4174,395
"142","Belitung Timur",19211,574,870,131,303,1039,53,277,132,348,578,314,311,431,55,151,124,58,30,23,3493,1379,3209,97,4777,454
"143","Kota Pangkal Pinang",17308,999,965,200,445,1001,263,450,254,685,518,295,380,275,103,109,181,53,293,141,2687,1421,2126,91,3045,331
"144","Karimun",15434,1158,819,310,276,758,106,314,355,568,316,272,291,600,78,42,84,127,120,572,1851,1518,2194,456,1854,396
"145","Bintan",16419,993,811,256,312,518,156,515,267,497,294,169,395,414,89,125,104,87,127,386,1902,1421,2934,823,2607,217
"146","Natuna",13911,895,744,209,514,591,130,290,182,348,532,292,299,227,135,69,50,45,31,249,2066,1479,1507,239,2505,283
"147","Lingga",12499,862,759,337,111,580,103,227,90,348,714,165,217,466,22,19,31,58,109,179,2078,1274,1020,114,2441,176
"148","Kepulauan Anambas",15870,1059,956,265,597,409,51,203,82,304,387,144,294,170,78,8,23,17,12,358,2197,1417,1696,387,4588,171
"149","Kota Batam",18339,1128,878,319,503,572,400,439,799,918,336,266,466,388,235,243,142,70,25,487,1956,1163,3555,455,2093,503
"150","Kota Tanjung Pinang",17632,962,687,332,305,610,254,374,418,937,374,186,458,373,195,182,244,76,87,215,1922,1400,3426,721,2619,274
"151","Kep. Seribu",18191,638,758,31,233,368,4,140,340,77,440,5,72,308,160,1483,1138,21,31,543,2333,1095,3430,528,3943,73
"152","Kota Jakarta Selatan",17531,706,510,117,474,314,351,407,401,557,345,103,300,274,395,1539,1013,45,11,426,1852,1404,3008,250,2216,509
"153","Kota Jakarta Timur",16614,762,652,111,503,314,338,428,477,457,310,152,282,281,340,1069,714,41,25,484,2158,1413,2625,424,1890,364
"154","Kota Jakarta Pusat",15461,840,580,63,497,274,303,322,366,359,158,130,124,312,233,1386,750,60,14,139,1782,1266,3164,429,1738,171
"155","Kota Jakarta Barat",16222,933,648,113,440,414,301,468,550,433,338,89,211,310,280,1145,739,74,20,478,1848,1161,2247,277,2143,563
"156","Kota Jakarta Utara",16007,794,562,117,455,370,305,329,453,505,301,83,235,266,321,1276,865,61,10,363,1835,1497,2357,324,1973,349
"157","Bogor",12518,454,467,116,333,207,207,234,433,240,494,159,125,237,164,916,605,32,20,749,1499,995,1851,226,1582,171
"158","Sukabumi",10238,428,566,191,133,158,305,274,340,215,662,267,124,233,106,685,419,37,46,529,1215,829,640,169,1564,104
"159","Cianjur",9224,378,491,321,151,154,242,204,410,333,436,259,147,189,203,465,249,16,20,596,1127,841,375,130,1294,194
"160","Bandung",8732,371,614,299,166,190,253,93,349,441,241,50,81,193,197,622,195,15,7,574,1055,895,325,168,1233,107
"161","Garut",7327,319,554,266,152,112,171,87,268,302,199,167,79,106,122,410,96,9,9,452,953,760,192,55,1308,176
"162","Tasikmalaya",7599,408,467,176,103,43,151,157,263,324,355,253,88,100,146,508,129,25,15,475,1038,602,248,112,1294,121
"163","Ciamis",10064,401,564,258,110,47,229,216,381,396,442,302,177,176,234,740,180,9,41,420,1297,742,361,164,1827,351
"164","Kuningan",12099,542,578,243,263,265,259,290,703,465,444,279,244,356,268,758,523,35,50,351,1286,893,938,274,1509,283
"165","Cirebon",7981,221,476,92,116,156,37,186,326,143,278,39,194,131,71,646,623,7,11,98,1013,827,827,254,1053,158
"166","Majalengka",9460,240,432,265,158,92,135,243,375,433,486,110,178,215,205,480,275,14,11,773,1142,840,575,183,1411,188
"167","Sumedang",9162,262,497,259,222,127,149,133,419,417,279,171,141,208,234,773,261,15,32,620,1178,828,337,130,1246,224
"168","Indramayu",11730,328,597,213,151,350,72,415,443,270,458,104,182,159,204,883,1114,41,29,272,1417,1076,1012,254,1512,177
"169","Subang",10542,488,614,169,155,145,95,326,350,180,573,118,184,121,113,1016,724,7,22,553,1203,776,745,181,1536,146
"170","Purwakarta",11071,392,552,157,161,151,122,278,408,317,530,204,185,214,199,889,505,50,31,1016,1374,815,767,100,1490,163
"171","Karawang",11824,485,587,129,231,184,58,337,298,251,460,54,171,271,118,817,853,8,27,867,1398,835,1168,302,1856,61
"172","Bekasi",17126,653,646,169,473,278,213,424,500,395,329,85,301,269,171,923,1057,33,67,1384,2133,1173,2565,388,2388,109
"173","Bandung Barat",7777,302,469,278,205,152,245,82,336,283,203,143,101,148,203,541,198,12,9,537,960,698,234,61,1153,223
"174","Pangandaran",12672,422,727,186,114,51,185,407,368,338,527,385,299,127,189,755,325,33,97,364,1751,754,272,278,3186,535
"175","Kota Bogor",14543,673,644,138,373,282,286,260,492,416,399,61,131,280,250,1273,802,58,27,470,1558,1231,1906,218,1958,359
"176","Kota Sukabumi",9919,429,490,227,232,225,301,95,467,397,575,50,87,223,200,789,529,14,5,427,959,760,735,140,1154,409
"177","Kota Bandung",12477,555,673,296,293,271,355,129,447,658,271,73,184,301,373,791,354,59,22,509,1507,1155,958,193,1563,487
"178","Kota Cirebon",10146,457,496,145,246,169,200,201,333,452,224,31,80,184,200,850,695,10,2,152,1133,1071,1213,267,1159,176
"179","Kota Bekasi",19579,900,756,151,581,357,421,468,584,657,448,107,274,319,294,1257,950,65,32,625,2276,1483,3132,281,2572,590
"180","Kota Depok",17376,772,738,126,529,315,295,406,479,429,356,150,196,344,262,1232,863,42,44,577,1952,1416,2934,237,2165,516
"181","Kota Cimahi",11490,537,563,228,227,326,272,132,373,550,199,119,132,285,232,963,486,34,12,439,1414,1075,949,234,1226,483
"182","Kota Tasikmalaya",7472,422,440,189,105,113,217,139,290,469,216,109,73,141,198,539,282,24,7,372,808,612,541,254,673,240
"183","Kota Banjar",9890,422,725,98,88,92,130,295,280,321,431,239,222,147,289,765,263,15,43,386,1128,646,431,339,1925,174
"184","Cilacap",12051,311,684,124,69,76,227,615,184,244,225,252,415,125,225,705,219,65,164,260,1617,1032,611,278,3037,291
"185","Banyumas",12291,225,649,167,253,258,497,602,181,244,192,392,344,191,253,677,106,109,291,166,1569,1161,982,249,2105,429
"186","Purbalingga",10761,237,508,174,218,202,377,524,158,186,140,489,268,108,220,446,84,33,154,180,1529,1251,1016,398,1403,459
"187","Banjarnegara",10333,380,306,402,268,302,438,337,154,306,115,575,147,55,205,375,63,41,67,144,1440,1209,675,344,1401,583
"188","Kebumen",12551,376,541,187,191,169,329,507,207,274,246,362,285,127,193,631,121,107,255,126,1697,1346,708,171,2868,526
"189","Purworejo",11377,374,318,261,207,177,224,520,183,222,125,418,388,88,181,699,191,76,196,86,1697,1329,662,63,2269,424
"190","Wonosobo",9777,334,190,534,226,402,388,174,182,281,161,377,160,49,157,208,41,20,33,84,1276,1170,524,395,1872,538
"191","Magelang",10214,229,130,524,253,385,455,319,165,266,84,190,207,107,212,275,38,30,121,97,1523,1420,552,183,2103,346
"192","Boyolali",10168,452,269,199,143,243,190,438,170,237,77,286,270,104,149,587,240,37,85,63,1504,1426,454,120,2131,294
"193","Klaten",11481,514,345,221,227,342,245,384,161,396,109,117,332,174,123,752,200,67,145,43,1552,1561,926,178,2121,243
"194","Sukoharjo",10574,529,346,140,243,235,194,471,225,347,66,129,238,181,154,761,456,36,115,13,1364,1276,852,309,1626,270
"195","Wonogiri",13182,490,337,159,136,214,395,510,160,278,119,268,389,178,183,746,152,41,193,15,1706,1519,866,654,3114,360
"196","Karanganyar",11152,443,257,227,189,308,282,377,188,340,121,272,218,125,227,635,359,79,55,18,1246,1544,883,364,2140,256
"197","Sragen",13677,657,380,154,257,287,233,478,428,292,156,373,448,189,75,756,429,101,163,57,1878,1716,1225,391,2265,288
"198","Grobogan",10048,601,304,100,64,149,60,403,246,150,128,339,395,91,51,506,292,23,60,113,1706,1155,929,255,1655,274
"199","Blora",10274,393,271,48,52,125,80,499,401,105,175,199,306,124,72,440,67,60,90,63,2023,991,1294,277,1737,383
"200","Rembang",11200,364,404,80,33,119,78,573,437,129,279,258,263,171,98,517,144,80,168,8,2210,1147,1404,327,1688,222
"201","Pati",10270,449,447,135,30,111,96,455,265,191,206,305,369,251,172,500,205,72,142,101,1765,1024,1370,182,1217,212
"202","Kudus",10030,421,395,191,76,244,135,343,243,306,152,91,248,127,233,480,344,79,10,15,1808,1466,1369,115,944,195
"203","Jepara",9300,316,442,157,36,106,89,431,213,165,248,303,211,62,35,506,417,35,114,105,1669,1172,973,299,999,196
"204","Demak",10991,724,472,180,64,150,133,450,203,177,217,255,570,96,114,671,238,25,31,32,1485,1164,1680,226,1384,252
"205","Semarang",12533,545,252,427,276,635,348,437,251,304,84,278,385,90,255,744,197,32,47,107,1737,1549,1018,115,2103,315
"206","Temanggung",9091,219,119,530,203,459,379,356,84,187,76,315,241,70,243,205,24,27,31,67,1251,1017,642,509,1501,336
"207","Kendal",11482,451,345,246,236,401,218,384,246,260,225,281,391,131,111,852,217,69,66,18,1650,1352,925,254,1832,320
"208","Batang",10579,218,213,235,110,371,133,253,169,200,197,207,293,61,103,996,274,81,25,61,1856,1399,1126,179,1662,155
"209","Pekalongan",9296,198,280,271,71,132,111,317,244,222,201,255,218,120,65,722,333,37,57,90,1401,1014,883,222,1448,383
"210","Pemalang",10755,293,393,172,217,222,155,471,330,205,226,422,187,154,185,740,417,40,113,227,1629,1133,929,196,1489,209
"211","Tegal",10643,334,424,173,148,163,86,347,307,160,329,166,291,190,152,626,532,23,22,257,1365,879,1568,251,1708,141
"212","Brebes",8666,237,417,181,64,120,171,337,216,91,268,159,288,177,82,502,451,9,45,323,1208,813,776,143,1452,136
"213","Kota Magelang",13197,543,322,727,283,610,432,570,281,650,137,120,324,174,225,504,300,46,88,121,1672,1689,1077,326,1593,385
"214","Kota Surakarta",11598,590,474,167,336,369,241,409,203,340,98,60,264,241,176,862,607,38,21,31,1339,1337,985,222,1786,403
"215","Kota Salatiga",12643,660,359,340,248,772,338,432,248,456,170,153,221,208,243,697,304,28,22,114,1717,1588,951,83,1613,678
"216","Kota Semarang",14189,915,557,229,336,379,262,511,279,516,121,134,304,164,123,1022,661,59,50,75,1811,1711,1778,357,1401,433
"217","Kota Pekalongan",10133,388,354,173,95,85,121,182,301,347,148,45,172,111,73,1032,558,83,1,14,1655,1273,1284,265,1241,131
"218","Kota Tegal",8951,336,313,74,131,148,112,170,204,152,265,63,139,186,69,782,696,21,4,102,1173,778,1746,176,932,177
"219","Kulon Progo",9248,335,239,107,167,257,264,391,203,201,100,337,358,120,212,741,168,43,276,72,1504,1119,589,156,979,310
"220","Bantul",11424,366,265,182,257,281,230,413,259,359,122,159,501,178,198,627,170,78,186,67,1693,1513,800,207,1775,538
"221","Gunung Kidul",12433,492,268,120,101,185,347,479,144,233,133,311,447,156,155,631,67,24,436,41,1607,1544,469,461,2945,639
"222","Sleman",12640,486,379,318,293,415,395,454,270,459,178,163,382,199,213,651,204,88,163,51,1698,1513,977,211,1892,590
"223","Kota Yogyakarta",10793,485,451,309,236,357,269,330,246,507,124,97,493,209,213,559,283,69,68,96,1247,1119,947,269,1351,460
"224","Pacitan",11037,450,274,129,155,159,274,459,134,246,56,478,297,79,108,716,65,115,226,18,1482,1158,208,209,3039,504
"225","Ponorogo",11004,269,190,194,135,195,176,437,247,269,118,284,454,207,152,596,156,99,181,14,1589,956,291,110,3162,524
"226","Trenggalek",11633,305,190,54,108,176,192,351,205,98,119,498,352,118,210,476,86,167,121,16,1851,1199,151,356,3609,624
"227","Tulungagung",14503,489,342,83,119,348,150,516,231,180,196,380,564,157,90,757,208,252,378,13,2286,1560,427,102,4393,283
"228","Blitar",12452,287,198,77,105,210,149,504,183,86,77,329,461,177,148,638,87,199,385,23,2232,1197,296,98,3561,745
"229","Kediri",12398,334,317,66,84,304,96,373,320,165,128,272,585,187,121,652,266,91,446,10,1598,1380,500,57,3670,379
"230","Malang",11334,462,322,194,193,243,110,441,424,151,131,243,430,195,326,599,118,97,128,30,1773,1308,334,33,2771,279
"231","Lumajang",10699,503,413,290,82,330,139,425,523,246,339,187,513,180,111,584,100,130,91,28,1407,1115,385,73,1906,598
"232","Jember",10873,376,275,167,81,237,86,495,459,125,303,162,551,223,225,498,48,78,204,4,1590,1325,254,273,2142,693
"233","Banyuwangi",13858,325,471,138,67,305,151,399,427,130,153,205,423,131,252,588,53,152,232,67,1639,1262,542,54,4553,1142
"234","Bondowoso",8855,291,237,141,45,394,84,405,539,125,346,214,531,67,417,342,18,19,34,14,971,1011,334,208,1604,466
"235","Situbondo",8485,344,357,108,32,145,38,347,344,101,316,214,534,58,308,533,47,5,10,NA,896,965,304,29,1906,543
"236","Probolinggo",7635,233,178,260,16,143,98,299,381,127,254,214,363,120,145,435,45,12,14,5,830,804,185,29,1831,618
"237","Pasuruan",9974,270,230,234,105,184,96,236,375,178,155,136,306,148,155,517,213,35,18,18,1408,1340,810,42,2259,505
"238","Sidoarjo",12987,451,462,207,264,311,153,328,455,464,225,65,394,202,152,811,577,88,33,4,1812,1713,968,152,2384,310
"239","Mojokerto",11771,339,370,126,86,250,90,399,484,185,89,151,408,141,111,578,354,56,128,11,1811,1440,645,96,3040,385
"240","Jombang",10625,254,345,94,57,207,37,322,419,188,137,124,437,171,186,475,165,96,212,32,1642,978,499,109,3114,326
"241","Nganjuk",13379,384,350,125,106,265,110,483,381,274,186,278,622,156,171,511,195,91,242,26,1566,1383,494,137,4495,348
"242","Madiun",11163,426,336,75,161,167,117,325,356,221,108,329,385,220,172,475,88,61,126,53,1433,1220,551,287,3235,238
"243","Magetan",11933,365,302,234,226,441,199,388,384,328,97,279,459,206,294,523,148,88,169,19,1340,1162,697,197,3023,364
"244","Ngawi",11545,568,385,109,136,247,94,448,384,203,101,306,404,94,96,768,370,31,124,18,1547,1247,963,442,2313,148
"245","Bojonegoro",10320,328,288,68,56,93,57,341,506,126,93,150,393,92,101,408,102,50,117,16,1651,1128,960,894,1962,341
"246","Tuban",11526,262,307,37,32,110,40,428,407,101,134,207,421,95,151,578,97,90,312,2,2267,1135,1021,228,2635,429
"247","Lamongan",11011,310,406,58,23,139,20,437,423,78,148,145,339,81,148,539,152,45,67,23,1861,1251,754,243,3235,87
"248","Gresik",12562,435,506,115,104,248,83,370,537,269,148,60,333,191,130,801,556,85,56,13,1916,1327,845,120,3194,122
"249","Bangkalan",8588,316,245,136,31,98,62,266,224,128,267,63,218,223,47,458,157,78,96,4,1609,1139,648,94,1846,133
"250","Sampang",7724,395,270,35,17,29,6,227,449,33,254,22,163,115,13,612,32,2,18,3,1569,909,315,19,1812,409
"251","Pamekasan",6159,391,184,29,4,49,7,209,206,39,281,19,203,109,50,492,32,2,16,1,976,966,261,31,1249,351
"252","Sumenep",10235,515,375,111,28,157,64,426,437,219,687,43,217,229,206,733,57,9,36,8,1315,1468,587,154,1547,609
"253","Kota Kediri",11834,382,333,126,152,445,155,414,340,441,147,95,526,167,168,518,167,92,205,21,1502,1311,829,25,2875,398
"254","Kota Blitar",13918,475,439,151,143,461,154,469,327,505,106,167,505,179,239,797,133,396,402,3,1922,1458,449,39,3571,428
"255","Kota Malang",11748,514,453,261,242,520,127,361,511,433,179,54,318,235,323,767,215,56,22,21,1605,1315,724,72,2079,337
"256","Kota Probolinggo",8038,293,328,191,105,305,100,297,558,156,253,82,416,141,86,559,43,28,6,6,787,754,389,18,1511,627
"257","Kota Pasuruan",9452,295,283,63,87,242,102,216,495,189,114,19,198,120,88,654,177,18,1,21,1455,1171,1337,23,1668,416
"258","Kota Mojokerto",11616,316,365,128,165,325,91,337,538,414,149,55,373,191,158,739,339,54,23,NA,1760,1657,829,138,2353,120
"259","Kota Madiun",13054,462,394,315,326,516,197,406,484,610,235,190,478,271,239,609,157,72,31,15,1412,1252,794,128,3009,452
"260","Kota Surabaya",14364,516,564,177,304,376,197,373,489,433,190,75,348,184,180,1024,897,141,24,29,1897,1728,1320,177,2543,181
"261","Kota Batu",12460,435,365,254,334,570,256,262,496,249,70,144,363,160,542,678,179,152,19,5,1526,1311,570,49,3124,346
"262","Pandeglang",8740,129,318,37,8,33,11,219,551,63,373,251,100,101,85,761,836,31,65,395,1285,719,730,113,1411,117
"263","Lebak",11211,281,373,119,63,41,40,346,461,100,629,395,101,244,126,867,661,55,77,723,1599,1018,827,148,1701,216
"264","Tangerang",13629,601,574,87,172,151,86,382,406,216,430,66,150,232,136,862,744,22,20,910,1736,1008,2149,310,2043,135
"265","Serang",10773,304,448,54,14,50,18,297,458,73,393,78,151,78,42,751,759,47,49,785,1559,662,1653,177,1681,191
"266","Kota Tangerang",18101,989,857,72,462,348,216,433,472,332,368,87,236,280,233,1439,1055,49,32,812,1819,1291,3426,345,2209,241
"267","Kota Cilegon",15392,524,638,81,178,230,150,428,516,488,499,129,256,216,262,839,701,41,69,374,1988,1327,2432,301,2335,391
"268","Kota Serang",13063,477,560,28,94,124,115,299,537,253,342,48,165,140,92,972,967,19,18,800,1711,1020,2136,229,1698,217
"269","Kota Tangerang Selatan",19455,948,714,121,450,332,355,380,428,537,381,90,254,388,340,1570,1037,27,9,524,2381,1593,3539,500,2346,209
"270","Jembrana",14066,438,442,191,68,153,142,384,316,175,328,560,194,328,83,657,31,217,468,NA,2381,1816,725,188,2813,966
"271","Tabanan",13800,379,363,415,216,318,313,283,235,238,245,452,248,458,315,313,17,239,149,23,2475,1739,1117,261,2529,460
"272","Badung",15119,506,549,407,186,503,350,482,412,413,233,281,292,450,341,731,50,211,165,13,2440,1659,1405,139,2563,337
"273","Gianyar",14122,551,511,391,191,356,455,354,157,340,170,256,233,414,316,482,29,272,244,4,2423,1794,678,540,2773,189
"274","Klungkung",13716,538,367,417,72,382,179,405,188,335,89,408,305,382,229,190,1,171,671,NA,2369,2044,1550,429,1852,141
"275","Bangli",14608,444,195,552,102,265,553,198,223,204,111,361,218,460,714,269,4,245,69,NA,2999,1947,373,268,3397,435
"276","Karangasem",11216,376,303,192,42,116,141,331,61,102,91,314,155,245,280,355,8,68,62,NA,2027,1306,435,203,3391,612
"277","Buleleng",12572,404,428,241,51,160,294,318,114,114,245,473,298,280,294,484,40,70,173,NA,2113,1393,689,151,3169,577
"278","Kota Denpasar",14680,514,714,274,273,553,305,378,629,490,230,134,257,485,333,873,80,110,24,37,2066,1403,987,74,3009,448
"279","Lombok Barat",13273,282,631,223,36,61,26,528,801,131,363,380,414,268,92,271,27,93,177,10,2080,1251,564,107,3866,594
"280","Lombok Tengah",14905,309,541,302,46,149,20,830,733,85,358,568,446,270,269,351,308,85,292,34,2363,1133,154,129,3906,1224
"281","Lombok Timur",19161,333,754,506,65,163,302,881,1240,169,534,551,684,424,313,319,34,128,248,8,2496,1174,638,276,6006,913
"282","Sumbawa",11237,408,353,298,82,229,25,482,984,172,246,214,353,126,135,493,112,39,105,14,1726,744,448,79,2571,800
"283","Dompu",8909,484,565,202,13,88,12,620,980,147,245,310,192,340,138,226,111,133,259,25,979,454,329,42,1142,874
"284","Bima",8460,482,589,159,26,67,20,453,1075,129,266,153,141,211,112,223,158,25,138,5,1129,473,329,14,912,1173
"285","Sumbawa Barat",14218,382,519,347,62,181,80,602,1249,307,399,310,624,281,102,593,69,90,188,7,1965,724,809,141,3136,1051
"286","Lombok Utara",13335,466,648,254,35,67,70,673,717,110,270,536,416,249,146,493,24,101,222,7,2016,1136,196,47,3609,828
"287","Kota Mataram",13588,483,597,218,181,499,135,379,838,371,376,108,335,318,106,570,132,59,61,38,1821,1120,965,190,3024,664
"288","Kota Bima",9791,350,414,225,50,202,86,463,1114,460,384,161,183,371,204,416,283,28,92,18,1141,506,341,30,1134,1135
"289","Sumba Barat",10533,439,448,38,303,415,182,159,431,258,81,1222,211,66,615,16,NA,13,340,NA,1021,1016,147,72,1538,1503
"290","Sumba Timur",12065,708,804,30,126,717,210,316,631,249,69,1184,554,46,525,54,NA,13,338,NA,1172,877,88,14,1236,2106
"291","Kupang",9836,187,656,18,100,304,29,77,284,89,144,982,89,46,928,10,6,5,653,4,898,619,47,25,975,2660
"292","Timor Tengah Selatan",11530,489,554,90,259,294,90,144,610,190,172,1327,268,98,1179,8,NA,49,1049,1,938,600,197,42,901,1981
"293","Timor Tengah Utara",14125,469,821,53,177,444,157,247,1056,164,536,1796,450,112,1650,21,NA,4,943,NA,966,848,118,NA,1022,2072
"294","Belu",11843,714,1040,120,471,469,167,305,712,121,141,926,313,118,1201,57,5,52,636,NA,1082,1036,599,32,367,1158
"295","Alor",13139,525,673,9,16,230,53,319,324,211,110,1810,326,82,639,77,2,15,836,NA,1006,778,166,125,743,4065
"296","Lembata",8588,231,370,66,29,108,6,287,190,100,193,970,376,20,598,60,NA,11,353,2,1125,916,91,49,251,2187
"297","Flores Timur",7631,325,284,20,24,78,4,158,232,49,146,1098,365,44,493,36,5,23,333,1,1153,690,126,13,380,1551
"298","Sikka",8247,305,312,28,146,356,75,199,340,188,59,1209,263,52,821,33,25,6,144,1,975,829,64,16,516,1287
"299","Ende",13502,495,788,113,363,523,315,432,709,265,160,1248,724,93,1037,54,NA,40,350,4,1518,1358,393,10,1469,1042
"300","Ngada",11586,271,208,85,137,123,73,156,310,212,68,1709,399,71,778,NA,NA,16,131,NA,1358,1287,258,32,1404,2500
"301","Manggarai",12420,642,662,82,323,363,116,126,260,215,60,3166,387,50,1487,1,NA,27,368,2,1086,908,119,49,580,1342
"302","Rote Ndao",10749,615,1180,43,151,471,77,262,278,89,111,625,361,9,793,3,NA,29,671,2,893,647,75,15,707,2644
"303","Manggarai Barat",11289,362,544,166,162,165,102,344,323,303,130,2333,291,70,911,60,5,60,974,3,1254,800,217,12,412,1287
"304","Sumba Tengah",11109,210,552,22,239,279,121,219,371,98,24,1303,192,48,1336,1,NA,14,539,1,1000,876,191,40,1649,1783
"305","Sumba Barat Daya",9901,613,381,22,99,214,84,368,395,55,40,1746,438,36,638,4,4,3,288,NA,955,747,110,118,1179,1365
"306","Nagekeo",10488,390,212,22,205,169,21,110,325,163,64,2122,480,29,917,26,NA,12,134,3,1166,1072,305,58,890,1590
"307","Manggarai Timur",9309,364,233,3,37,60,100,395,107,15,397,2138,284,25,1552,NA,NA,98,464,3,992,652,77,26,369,918
"308","Sabu Raijua",13112,776,1602,62,422,239,78,975,478,207,556,423,92,115,1701,16,NA,6,367,5,1438,876,93,42,1565,978
"309","Malaka",10076,698,771,24,219,300,43,159,533,68,64,1303,654,13,443,6,NA,39,820,2,1016,884,128,51,678,1156
"310","Kota Kupang",16208,727,1698,198,525,1137,279,312,1186,591,199,961,242,263,901,250,9,14,545,NA,1275,1230,316,13,1260,2075
"311","Sambas",9745,413,521,199,480,651,37,500,83,121,710,330,142,428,165,30,13,39,25,12,1349,963,834,129,993,578
"312","Bengkayang",12658,453,668,178,281,736,267,402,243,287,847,997,212,359,154,140,14,58,100,108,1566,1284,150,122,2043,990
"313","Landak",12576,524,815,158,122,606,137,520,235,264,859,1109,535,179,226,35,25,94,59,177,1663,1392,90,53,1613,1085
"314","Mempawah",8425,513,651,121,159,694,54,317,135,163,480,327,169,313,173,88,41,37,8,28,1200,968,213,66,1197,308
"315","Sanggau",14192,537,834,194,86,600,123,513,265,352,1050,1073,626,242,345,105,49,160,88,45,1646,1372,246,78,2588,975
"316","Ketapang",15890,542,956,339,89,604,75,637,194,292,1007,864,708,169,497,68,30,265,94,342,1966,1558,949,82,2949,613
"317","Sintang",15056,632,712,141,47,495,71,905,182,289,1399,1043,566,153,367,18,39,242,84,272,1718,1348,518,134,2313,1366
"318","Kapuas Hulu",10864,529,743,124,19,479,35,467,64,133,1454,775,534,114,434,190,54,68,51,45,1226,1122,271,18,1237,678
"319","Sekadau",12296,401,750,124,53,449,60,628,127,190,1259,1134,590,164,387,10,7,181,80,282,1298,1117,698,157,1156,993
"320","Melawi",15834,584,648,175,111,354,101,644,163,180,1324,723,545,149,519,208,61,147,59,187,1745,1570,337,404,4119,776
"321","Kayong Utara",12812,625,922,354,287,879,30,406,82,268,688,605,419,93,249,40,14,103,85,83,1728,1171,428,121,2561,571
"322","Kubu Raya",9555,455,612,174,175,605,97,375,120,211,387,427,246,215,57,27,44,93,29,44,1379,1060,480,68,1840,335
"323","Kota Pontianak",11948,676,794,266,179,877,261,320,421,600,530,212,255,398,222,189,305,80,24,42,1327,1063,348,97,2019,444
"324","Kota Singkawang",12016,736,850,209,285,893,158,475,213,414,818,350,197,525,116,260,82,72,41,2,1167,970,493,304,1654,730
"325","Kotawaringin Barat",19927,849,796,468,198,472,296,683,748,695,797,702,738,160,189,655,39,242,184,322,2253,1879,503,252,5314,496
"326","Kotawaringin Timur",17578,512,708,533,127,282,261,740,688,367,839,551,1062,178,321,586,126,255,113,395,2218,1556,184,80,4297,599
"327","Kapuas",10045,515,417,193,20,99,82,601,237,130,436,432,739,59,206,347,22,55,24,5,1983,1162,304,109,1443,428
"328","Barito Selatan",10604,534,559,173,17,99,165,580,272,169,401,552,906,60,341,393,19,86,92,66,1963,1353,282,199,1135,189
"329","Barito Utara",11628,546,604,105,24,166,86,308,152,90,609,1033,682,41,160,561,43,190,76,213,2115,1521,119,54,1698,433
"330","Sukamara",19086,795,785,550,199,549,413,551,476,512,638,678,700,136,353,314,129,142,92,341,2222,1849,839,330,4583,909
"331","Lamandau",24527,979,971,499,145,491,294,731,630,630,1414,1260,1114,259,533,520,167,246,180,446,3139,2680,526,104,5930,638
"332","Seruyan",19164,534,732,748,234,283,301,716,511,365,1147,563,1048,141,324,248,33,162,117,282,2631,2009,1406,150,4059,420
"333","Katingan",16877,584,635,134,24,157,82,898,285,169,1418,789,1024,28,477,544,71,246,80,22,2369,1684,698,92,3530,836
"334","Pulang Pisau",16259,607,689,281,76,264,176,1050,312,216,712,837,802,119,274,367,12,314,137,147,2314,1765,427,33,3443,885
"335","Gunung Mas",15247,536,558,104,24,102,86,1009,130,176,1093,972,772,27,342,461,93,181,62,107,1814,1429,207,43,2897,2021
"336","Barito Timur",11398,464,456,92,4,136,147,447,305,137,162,1052,781,37,188,373,80,61,106,232,2086,1306,116,31,1631,966
"337","Murung Raya",12497,737,581,108,21,140,57,658,173,152,1085,1066,772,51,417,269,74,110,57,136,2071,1711,174,44,1631,205
"338","Kota Palangka Raya",16205,783,765,255,177,400,268,597,486,611,601,376,885,232,321,919,124,163,117,65,1919,1505,654,202,3219,561
"339","Tanah Laut",11749,733,430,121,31,253,364,589,505,149,419,325,878,52,201,652,45,175,144,95,2086,1241,139,112,1723,287
"340","Kota Baru",12006,572,691,309,41,321,245,512,396,223,278,345,677,66,150,504,143,129,269,271,2027,1423,219,65,1804,325
"341","Banjar",9273,467,379,167,14,115,126,447,418,150,442,213,613,45,237,445,24,28,77,50,1750,985,371,324,1130,257
"342","Barito Kuala",8838,503,374,202,21,116,131,474,256,151,381,318,620,83,335,240,56,100,18,4,1708,887,284,243,999,335
"343","Tapin",11704,547,363,179,31,106,202,454,410,230,446,278,626,56,257,477,47,194,170,67,2372,1436,476,342,1765,172
"344","Hulu Sungai Selatan",8453,426,241,157,10,34,159,448,252,99,372,127,519,32,466,369,53,57,78,26,1959,826,419,339,905,81
"345","Hulu Sungai Tengah",8368,416,217,148,19,136,305,473,331,139,306,212,499,58,288,381,55,58,67,122,1863,816,256,162,845,195
"346","Hulu Sungai Utara",7319,307,243,195,19,50,127,402,261,77,213,108,429,51,277,416,40,50,11,31,1641,715,325,225,868,238
"347","Tabalong",10501,426,463,187,52,182,233,419,329,217,282,393,612,69,175,503,171,150,137,357,1785,973,290,159,1296,642
"348","Tanah Bumbu",12690,620,615,292,24,357,210,661,354,273,398,416,657,87,239,674,94,231,125,239,1924,1314,376,131,2117,262
"349","Balangan",9576,559,319,89,12,157,239,464,474,129,236,421,517,26,321,415,79,102,98,308,1746,993,129,88,908,748
"350","Kota Banjarmasin",9394,425,311,210,55,163,198,278,356,278,282,75,427,124,303,912,316,16,15,11,1185,862,744,412,1225,210
"351","Kota Banjar Baru",13472,755,545,290,137,489,403,460,531,485,400,147,631,119,237,947,158,181,78,12,1830,1440,678,360,1911,248
"352","Paser",15633,962,848,288,66,374,279,729,524,322,432,434,596,120,344,764,206,160,112,344,2232,1604,831,171,2491,402
"353","Kutai Barat",11863,489,680,120,34,302,242,369,379,221,452,976,543,78,316,626,86,70,112,252,1846,1273,146,29,1892,332
"354","Kutai Kartanegara",13200,688,711,210,77,360,238,355,509,248,454,318,518,82,279,482,206,116,63,97,2034,1457,574,121,2786,217
"355","Kutai Timur",17957,929,1051,358,166,538,291,619,916,475,600,422,657,149,278,435,64,283,179,199,2394,1890,947,119,3585,413
"356","Berau",16656,876,866,435,162,637,385,577,861,733,485,377,572,159,302,95,10,205,180,34,2387,1890,957,113,3057,302
"357","Penajam Paser Utara",14084,624,726,163,56,517,238,526,748,135,274,390,573,45,118,1013,189,172,130,258,1746,1275,286,42,3506,334
"358","Mahakam Ulu",15344,971,1447,93,48,396,215,687,259,242,954,1489,557,45,864,134,10,59,192,19,2003,1684,429,43,2155,349
"359","Kota Balikpapan",15216,669,796,208,215,561,198,336,943,436,338,161,439,262,294,1471,820,225,91,139,1497,1307,402,66,2950,391
"360","Kota Samarinda",12740,686,681,208,97,458,319,343,751,355,239,191,429,124,327,861,416,82,51,74,1685,1310,652,171,1961,269
"361","Kota Bontang",16322,950,820,293,190,376,287,462,1241,598,434,167,426,163,477,547,180,129,81,38,2149,1655,526,86,3308,739
"362","Malinau",15559,726,1124,174,71,652,147,466,395,397,548,1369,295,110,347,71,3,27,114,7,2280,2100,331,73,2703,1027
"363","Bulungan",17038,1085,1178,343,111,679,333,570,558,570,420,877,533,132,413,138,15,148,203,40,2322,1942,298,113,3372,646
"364","Tana Tidung",17652,927,1036,337,163,643,149,442,625,544,391,1082,309,155,541,358,6,159,223,63,2762,2436,831,55,2941,475
"365","Nunukan",12460,926,1043,211,82,682,58,396,798,188,409,654,330,31,217,40,16,24,163,1,1887,1450,565,39,1654,595
"366","Kota Tarakan",14187,1000,937,249,101,801,175,516,969,552,269,292,574,290,328,176,15,214,92,NA,1625,1310,416,76,2599,613
"367","Bolaang Mongondow",13546,325,1020,120,123,39,58,254,864,158,105,272,333,185,113,27,3,35,48,10,1914,1192,451,60,4811,1025
"368","Minahasa",12866,204,857,127,231,109,212,157,273,428,178,530,273,98,295,169,2,26,50,1,1562,1176,81,44,4196,1587
"369","Kepulauan Sangihe",11957,80,964,255,78,43,41,231,478,171,56,235,162,14,241,37,3,54,10,7,2148,1444,126,1,2579,2498
"370","Kepulauan Talaud",14249,105,896,185,68,10,18,171,47,124,136,195,572,18,57,179,15,35,153,21,3105,2345,221,NA,4440,1135
"371","Minahasa Selatan",13543,114,763,98,192,63,59,121,769,417,109,210,302,123,141,84,NA,NA,32,4,1612,1430,713,91,4141,1954
"372","Minahasa Utara",14719,130,1034,140,242,76,86,166,926,316,199,447,352,78,183,306,14,103,38,6,2435,1461,990,9,4200,783
"373","Bolaang Mongondow Utara",12254,303,1399,124,24,29,57,194,351,129,115,560,477,31,49,82,4,73,83,3,2236,1129,119,63,4082,537
"374","Siau Tagulandang Biaro",11494,65,783,336,202,179,18,117,99,196,70,239,405,34,266,160,7,9,38,14,2063,864,184,55,3698,1391
"375","Minahasa Tenggara",11721,136,773,50,109,56,48,115,386,181,62,83,318,65,175,109,57,NA,44,1,2118,978,545,6,3910,1394
"376","Bolaang Mongondow Selatan",10879,251,1058,80,8,2,55,120,925,62,70,66,373,38,31,50,7,11,48,12,1977,941,160,6,4133,397
"377","Bolaang Mongondow Timur",11965,210,1035,135,147,59,98,163,730,134,108,270,447,136,187,8,6,40,3,7,2032,794,438,26,3926,827
"378","Kota Manado",14256,331,1222,308,288,140,211,197,987,355,167,214,388,231,200,375,74,92,51,1,2127,1341,558,31,3972,393
"379","Kota Bitung",13874,257,1173,190,375,111,85,140,202,263,192,342,338,174,192,394,12,36,36,7,2397,1432,629,24,4159,712
"380","Kota Tomohon",12766,90,831,204,400,181,241,111,118,618,177,137,221,143,209,253,8,12,35,NA,1819,1240,390,50,3717,1561
"381","Kota Kotamobagu",10922,308,864,66,111,87,70,237,168,134,132,64,383,158,88,181,NA,44,15,28,1770,792,317,8,3855,1040
"382","Banggai Kepulauan",7815,227,622,123,5,19,4,289,482,49,220,329,470,47,207,96,NA,41,207,7,1568,769,122,15,1351,547
"383","Banggai",10456,358,807,89,37,38,73,321,659,48,107,310,604,215,141,216,51,91,200,NA,1970,1249,625,21,1756,467
"384","Morowali",12338,543,1012,249,92,164,86,431,265,118,201,505,428,40,225,115,219,31,112,81,2121,1170,693,73,3062,303
"385","Poso",11206,437,723,99,91,370,125,347,799,181,73,699,431,94,388,7,6,58,89,9,1838,1148,27,42,2554,573
"386","Donggala",8695,469,541,162,25,139,62,256,189,138,170,260,453,54,168,74,14,208,89,2,1176,642,505,83,1898,917
"387","Toli-Toli",6971,411,448,87,26,95,29,225,320,109,142,146,228,44,171,271,120,159,129,7,1104,541,406,17,1335,400
"388","Buol",8134,475,736,113,33,170,53,265,311,85,117,104,294,46,120,22,10,97,118,2,1480,943,620,17,1681,221
"389","Parigi Moutong",8757,406,509,187,30,108,81,213,255,139,110,264,343,54,111,89,49,173,103,71,1498,696,309,13,2574,372
"390","Tojo Una-Una",9719,626,627,170,30,82,62,385,1392,104,140,343,540,33,95,53,19,50,92,1,1553,721,131,72,2026,371
"391","Sigi",11564,322,667,175,99,175,124,282,167,160,69,399,457,134,429,139,42,258,73,6,1459,965,654,114,3186,1010
"392","Banggai Laut",9213,551,756,95,17,23,42,390,433,60,448,304,490,64,95,35,6,43,194,7,1741,1050,583,7,1585,195
"393","Morowali Utara",13095,595,988,208,58,303,120,505,407,150,177,831,746,145,334,102,39,139,166,47,2237,1422,543,49,2284,501
"394","Kota Palu",10457,506,635,204,123,210,157,174,133,443,154,82,238,162,240,176,38,90,20,20,1612,1050,819,48,2460,664
"395","Kepulauan Selayar",6259,248,467,250,68,60,1,242,204,137,134,106,354,42,187,22,2,47,162,NA,1170,527,322,18,355,1135
"396","Bulukumba",6510,319,616,227,45,71,52,325,193,176,116,206,229,78,337,141,44,59,138,211,703,581,245,25,557,816
"397","Bantaeng",7968,334,594,423,199,139,208,298,472,165,77,612,384,88,345,79,14,93,69,26,971,692,137,9,632,910
"398","Jeneponto",6798,334,564,270,88,84,173,381,338,192,57,270,441,58,160,28,9,49,39,1,782,693,231,6,425,1123
"399","Takalar",6212,292,611,257,45,247,15,558,180,120,297,123,301,115,316,156,63,20,108,NA,667,562,114,6,544,494
"400","Gowa",8647,383,719,434,150,438,210,518,281,342,200,429,278,106,534,128,29,111,113,17,968,671,442,25,759,361
"401","Sinjai",8355,169,430,275,110,123,171,495,302,333,172,384,402,46,638,83,2,93,167,31,873,624,614,45,735,1035
"402","Maros",7626,505,649,270,105,231,99,456,417,257,200,170,275,131,441,252,NA,46,115,21,907,672,166,11,769,462
"403","Pangkajene dan Kepulauan",7456,481,543,331,69,178,32,439,524,278,116,55,366,111,237,117,63,145,135,NA,918,664,398,12,719,528
"404","Barru",7079,575,458,307,55,62,20,307,558,125,63,120,325,17,364,110,47,36,245,5,1024,672,228,19,741,597
"405","Bone",5775,319,281,159,34,90,21,223,430,166,99,54,357,22,383,71,35,22,179,18,797,544,271,19,587,594
"406","Soppeng",6756,279,169,129,19,20,13,192,582,163,90,19,457,13,300,18,NA,20,110,32,1018,575,597,52,737,1151
"407","Wajo",7351,381,357,159,14,37,10,237,432,165,145,40,348,9,409,225,175,21,43,3,1010,563,707,38,1128,699
"408","Sidenreng Rappang",8044,359,507,93,1,66,10,407,655,142,183,98,280,29,242,346,599,41,76,NA,1024,618,561,27,1318,360
"409","Pinrang",6320,458,448,198,28,130,31,361,303,148,99,193,416,20,302,75,32,41,130,NA,776,476,432,23,650,552
"410","Enrekang",6745,533,433,130,23,115,87,314,803,139,16,244,185,14,249,22,5,49,67,3,821,590,124,10,833,937
"411","Luwu",7636,614,499,250,50,83,22,286,454,113,69,276,621,61,192,77,NA,27,93,13,868,708,192,55,1297,716
"412","Tana Toraja",9107,378,762,34,112,316,165,275,538,216,112,1214,113,40,462,9,1,27,229,34,1023,721,37,67,1666,558
"413","Luwu Utara",7371,403,418,211,25,98,20,284,90,59,130,419,529,53,221,55,1,45,65,64,963,731,161,25,1969,332
"414","Luwu Timur",9008,524,607,185,113,204,60,325,701,183,123,282,397,58,142,52,23,49,158,79,1337,1024,108,15,1885,374
"415","Toraja Utara",9129,277,591,37,149,452,122,164,764,213,62,985,179,84,641,44,9,23,179,0,1082,781,273,242,1052,722
"416","Kota Makasar",10563,694,831,367,228,623,165,404,565,481,175,152,254,236,464,276,143,94,47,12,1107,947,494,79,1300,427
"417","Kota Parepare",8258,389,612,204,108,237,92,224,505,326,128,121,166,73,319,214,63,48,75,8,1203,697,513,18,1218,696
"418","Kota Palopo",7898,431,554,232,33,214,73,249,879,229,163,208,380,182,253,137,22,66,59,13,839,713,48,6,1434,479
"419","Buton",7128,504,645,63,5,99,206,321,533,112,66,173,537,16,168,45,1,38,324,1,1047,715,175,20,490,822
"420","Muna",6781,393,414,129,7,25,1,264,554,111,47,39,484,58,312,30,NA,23,251,2,902,529,64,7,364,1772
"421","Konawe",7517,588,624,245,48,230,60,488,320,173,153,375,640,107,242,36,4,46,198,38,903,741,92,32,707,425
"422","Kolaka",7773,475,653,173,64,205,36,390,409,175,193,387,486,55,238,68,61,133,369,72,890,648,146,20,1031,394
"423","Konawe Selatan",8943,578,699,222,29,231,51,674,298,215,175,567,716,106,190,10,2,30,263,101,1246,810,133,11,1069,517
"424","Bombana",6228,416,407,127,26,95,50,245,480,136,117,152,533,29,342,54,6,24,209,5,990,581,138,9,637,417
"425","Wakatobi",9090,464,1247,88,9,111,28,348,614,174,394,256,399,19,198,24,6,23,288,6,1490,1023,138,10,463,1272
"426","Kolaka Utara",8163,638,597,270,24,82,54,523,384,108,129,128,707,10,381,13,9,70,352,30,1068,633,47,20,1006,878
"427","Buton Utara",6754,496,665,114,6,32,17,322,300,41,57,189,658,59,210,NA,NA,48,228,NA,1189,903,170,8,387,654
"428","Konawe Utara",9307,668,769,384,35,209,117,705,256,198,237,581,761,49,205,1,NA,61,344,42,1220,763,207,3,784,709
"429","Kolaka Timur",8456,511,619,110,23,156,32,539,286,79,112,554,645,40,381,NA,2,87,297,34,1349,865,102,33,1018,582
"430","Konawe Kepulauan",7119,481,415,242,22,68,5,509,246,45,202,450,697,20,92,30,6,68,621,15,834,502,72,11,586,880
"431","Muna Barat",6456,426,423,85,2,16,6,295,509,21,66,190,658,76,334,7,5,19,289,11,914,561,37,11,504,992
"432","Buton Tengah",7021,326,613,135,4,22,4,225,585,77,91,27,488,29,189,408,4,14,553,NA,797,791,61,3,390,1185
"433","Buton Selatan",6659,308,656,124,31,73,188,313,745,16,99,85,374,17,230,30,2,36,451,8,935,648,159,23,209,902
"434","Kota Kendari",11077,974,863,363,88,396,69,589,221,467,165,270,630,175,447,94,78,75,339,17,1277,915,310,55,1091,1109
"435","Kota Baubau",7949,533,837,123,58,132,109,225,346,260,130,85,394,95,377,158,58,38,315,6,1074,726,112,26,740,992
"436","Boalemo",11154,166,906,152,54,59,6,290,1455,75,75,63,595,28,5,51,3,22,84,24,1866,838,8,NA,4157,171
"437","Gorontalo",12220,209,894,60,41,30,12,288,1660,108,159,87,627,71,22,253,6,2,49,8,2090,674,93,1,4692,84
"438","Pohuwato",11370,200,877,203,27,39,13,291,1356,86,64,47,553,17,78,97,2,21,56,16,1974,831,82,2,4241,194
"439","Bone Bolango",11946,304,865,85,65,37,3,261,1534,68,232,48,507,36,10,481,9,5,66,NA,2235,734,72,NA,4118,172
"440","Gorontalo Utara",12353,183,918,142,25,38,0,258,1536,67,118,96,494,65,27,31,25,3,84,NA,2259,837,9,6,4705,425
"441","Kota Gorontalo",13949,253,1027,47,61,102,26,213,1817,213,183,32,483,78,30,453,3,13,25,4,2605,876,252,NA,4882,270
"442","Majene",6324,359,223,74,92,65,21,94,611,127,38,9,86,19,178,285,207,11,37,NA,1121,632,1160,16,506,352
"443","Polewali Mandar",5554,240,267,69,21,77,22,204,208,58,40,198,238,14,106,164,175,45,105,24,880,557,877,13,677,277
"444","Mamasa",6664,278,225,69,82,311,100,159,268,40,59,1719,72,11,543,10,NA,8,71,NA,779,693,128,52,531,454
"445","Mamuju",6059,413,432,87,43,106,35,290,183,56,83,272,287,20,100,74,52,44,56,6,1002,584,620,21,843,349
"446","Mamuju Utara",11581,615,718,302,40,148,46,353,667,309,191,229,454,88,230,84,49,140,92,9,1937,1156,1020,70,2223,412
"447","Mamuju Tengah",9498,644,635,255,120,138,64,404,157,112,119,560,332,34,158,55,6,82,141,168,1573,1005,694,54,1538,450
"448","Maluku Tenggara Barat",12177,382,1309,51,163,401,125,500,444,182,355,1113,548,13,38,82,NA,36,504,NA,1984,1781,863,140,585,579
"449","Maluku Tenggara",11891,602,733,70,61,204,73,214,627,207,205,1528,453,70,78,197,1,41,389,2,1931,1203,116,33,1528,1326
"450","Maluku Tengah",12960,619,1152,133,126,338,305,351,568,202,212,928,467,77,246,188,10,69,348,17,2014,1647,701,70,1381,789
"451","Buru",12546,457,1146,181,80,328,349,358,714,228,107,497,506,57,91,232,4,86,289,58,1898,1382,867,19,2101,510
"452","Kepulauan Aru",12477,862,1748,47,52,419,26,565,438,48,143,870,402,71,207,183,10,25,401,11,1990,1525,339,NA,1290,809
"453","Seram Bagian Barat",11166,356,992,25,69,240,92,239,623,63,185,963,413,43,132,91,NA,75,215,0,1778,1580,629,36,1009,1316
"454","Seram Bagian Timur",10891,560,1026,113,53,202,165,300,276,110,232,637,592,4,61,18,3,60,460,50,1796,1483,661,96,1269,665
"455","Maluku Barat Daya",13966,605,1620,87,105,214,38,496,306,113,103,1756,657,61,132,13,8,9,356,NA,1786,1459,124,NA,1043,2874
"456","Buru Selatan",10835,476,1006,35,56,306,107,462,227,122,61,1263,497,37,184,89,10,75,270,16,1625,1377,366,25,906,1238
"457","Kota Ambon",12549,610,1184,82,132,735,295,301,283,475,176,510,401,186,329,313,15,61,187,2,1760,1478,769,12,1121,1133
"458","Kota Tual",10588,746,967,63,48,304,25,165,743,190,98,841,387,99,52,449,NA,82,330,9,1772,1079,104,2,1120,915
"459","Halmahera Barat",11696,239,796,63,55,99,71,238,692,71,212,1024,394,47,57,63,4,157,223,8,1971,1421,1148,NA,1486,1157
"460","Halmahera Tengah",11073,538,1131,110,113,103,38,380,1213,46,252,435,649,20,17,136,1,88,136,NA,1703,1196,816,NA,1502,449
"461","Kepulauan Sula",8984,388,1291,24,26,185,4,152,1090,12,135,638,353,49,12,10,NA,33,102,2,1327,1048,694,NA,1027,383
"462","Halmahera Selatan",12556,364,1145,50,34,205,45,272,1603,88,151,641,751,30,113,72,21,108,252,NA,1955,1268,1057,NA,1577,753
"463","Halmahera Utara",12672,377,1132,123,38,203,80,268,860,119,99,842,493,77,42,74,15,165,184,39,2072,1654,1554,126,1307,731
"464","Halmahera Timur",12941,280,1189,155,21,117,89,305,501,138,126,687,482,16,122,207,26,74,266,4,2406,1898,948,NA,2192,692
"465","Pulau Morotai",13574,215,1259,101,38,65,19,354,1409,122,129,409,574,41,28,53,NA,134,161,14,2309,1741,2333,36,1472,558
"466","Pulau Taliabu",9466,284,1357,41,18,18,17,254,1025,29,14,549,445,3,47,NA,NA,39,95,NA,1762,1322,548,NA,1006,593
"467","Kota Ternate",14821,629,1584,104,153,298,113,431,1820,258,402,80,437,351,263,497,85,85,50,NA,2164,1519,926,6,2035,533
"468","Kota Tidore Kepulauan",14857,611,1374,115,111,266,112,504,2073,216,395,154,757,30,249,65,17,52,89,11,2256,1593,1143,27,1690,948
"469","Fakfak",20432,1433,1884,127,177,914,262,697,492,329,373,1224,745,96,735,329,64,287,288,66,3229,2920,401,107,2258,991
"470","Kaimana",16189,1023,1957,183,123,223,253,371,568,376,177,805,598,31,156,649,55,137,408,21,2326,2097,379,23,2299,953
"471","Teluk Wondama",15471,858,1641,18,146,260,29,406,835,59,118,1141,276,40,128,143,25,32,517,19,2334,2084,289,13,2454,1606
"472","Teluk Bintuni",19836,1460,2403,204,147,752,170,535,702,360,131,1397,459,37,108,397,33,65,270,50,2972,2621,1004,87,2385,1088
"473","Manokwari",15035,943,1294,128,194,534,188,530,651,243,142,621,352,103,366,622,48,151,227,77,2367,2037,332,80,2061,745
"474","Sorong Selatan",13875,1187,1929,78,154,664,77,363,409,83,102,934,82,9,202,64,NA,88,199,53,1743,1512,108,29,1715,2091
"475","Sorong",17099,923,1534,215,96,631,300,488,697,349,168,692,445,80,200,440,25,193,219,79,2304,2093,360,25,3629,910
"476","Raja Ampat",14452,849,1889,54,51,359,86,403,393,114,75,1055,238,19,96,46,NA,74,567,10,2210,1799,445,29,2003,1586
"477","Tambrauw",11988,870,1537,30,52,113,8,526,353,130,18,1453,30,9,296,NA,NA,227,384,NA,1882,1332,360,NA,1073,1305
"478","Maybrat",22482,2581,2439,278,120,1475,256,630,654,253,202,1431,70,NA,278,119,NA,27,224,NA,3016,2750,188,13,2191,3285
"479","Manokwari Selatan",14830,1044,1308,82,194,517,241,551,543,161,114,922,492,165,605,449,6,80,211,17,2225,1888,238,22,1629,1128
"480","Pegunungan Arfak",17302,396,102,2579,2117,324,571,54,194,1626,42,501,39,37,1810,2,NA,4,7,3,2600,1799,187,68,1086,1153
"481","Kota Sorong",19292,1151,2072,281,242,1008,247,695,1201,552,308,398,483,213,342,803,49,85,78,NA,2601,2466,846,49,2622,501
"482","Merauke",18142,960,1586,442,114,868,288,757,434,630,336,797,632,388,458,633,40,210,508,121,1805,1562,672,434,2878,590
"483","Jayawijaya",28341,2726,1309,1589,1163,1618,498,576,1633,795,705,1087,391,167,1387,191,14,2,3,3,4216,3178,364,27,3035,1666
"484","Jayapura",19026,1362,1913,179,402,590,298,717,750,417,205,1024,498,194,386,598,38,105,192,19,2533,2252,814,66,2714,761
"485","Nabire",19548,1342,1951,278,108,824,229,540,557,464,237,828,624,230,230,896,234,293,302,13,2836,2729,668,48,2496,590
"486","Kepulauan Yapen",17751,1534,2048,89,182,383,209,403,453,295,112,1063,507,64,691,427,19,131,242,10,2705,2487,547,74,1653,1423
"487","Biak Numfor",14242,1073,1704,114,113,389,195,258,217,164,176,791,241,81,485,772,184,83,293,33,1691,1737,397,22,1732,1296
"488","Paniai",18181,1188,146,1932,2697,14,547,59,412,608,90,567,45,16,1758,NA,NA,NA,NA,NA,1856,2205,54,NA,2949,1037
"489","Puncak Jaya",75427,6254,7071,2829,11966,2364,2123,760,641,2163,225,7160,469,NA,6096,613,NA,NA,NA,NA,6662,3830,92,17,7775,6318
"490","Mimika",20027,1277,2238,563,331,1076,199,652,919,760,164,1055,395,163,264,429,101,258,172,41,2817,2459,624,23,2427,622
"491","Boven Digoel",17282,1119,2156,143,36,638,82,677,924,211,56,1374,488,86,374,129,NA,112,251,42,2252,1900,465,134,1831,1801
"492","Mappi",9062,349,1193,84,20,385,10,227,82,70,100,1353,195,33,130,NA,NA,260,431,9,1333,1295,137,34,952,380
"493","Asmat",13840,1030,3346,88,137,362,45,627,223,59,30,2096,125,8,222,25,NA,245,228,NA,1187,1082,463,5,872,1337
"494","Yahukimo",33856,2603,1543,2469,613,1606,1073,511,489,327,898,2858,37,5,5440,15,NA,NA,438,NA,2126,1276,64,NA,3049,6417
"495","Pegunungan Bintang",23002,1351,778,1864,1133,1013,863,489,373,387,491,3581,309,3,3476,NA,NA,29,323,NA,348,318,176,9,1191,4497
"496","Tolikara",37390,922,867,4640,2691,1148,1658,1053,715,1564,3244,3115,66,NA,2985,NA,NA,NA,NA,NA,1466,1276,409,39,3348,6184
"497","Sarmi",13991,1655,2216,348,175,612,235,804,64,256,40,597,351,127,178,240,21,17,123,NA,1812,1693,402,135,1402,488
"498","Keerom",17321,1233,1325,183,106,495,157,465,597,94,112,890,535,121,325,299,35,152,295,23,2035,1970,202,46,4722,904
"499","Waropen",20931,1702,4018,36,221,630,119,1085,257,159,140,2638,807,11,492,109,38,285,293,NA,3060,2589,862,5,1221,153
"500","Supiori",18390,1289,3160,185,249,537,135,298,528,114,14,2904,235,31,14,140,5,50,205,NA,2276,2135,184,10,1726,1968
"501","Mamberamo Raya",14998,972,2281,8,1,84,33,542,1006,29,27,1589,170,NA,88,241,NA,18,2,NA,2217,2307,802,0,2257,325
"502","Nduga",63816,4827,717,6958,613,1622,3699,178,4758,148,885,4635,17,68,6978,NA,8,NA,NA,73,6370,4203,225,55,6021,10758
"503","Lanny Jaya",42710,3617,320,4969,2889,3267,1159,151,2467,469,676,535,NA,9,3831,NA,NA,NA,NA,NA,5721,3304,20,NA,3600,5706
"504","Mamberamo Tengah",22443,1686,26,1936,817,1784,105,101,1501,116,971,1246,12,6,1743,NA,NA,NA,NA,NA,2682,2187,102,30,1253,4139
"505","Yalimo",63613,1033,118,6556,1387,1075,3553,5174,637,1552,3237,3235,36,88,4325,NA,NA,NA,35,18,6113,6491,374,440,4343,13794
"506","Puncak",44704,NA,2578,2571,3365,353,2967,250,264,3319,NA,541,NA,NA,3410,197,NA,NA,NA,NA,7499,6384,NA,43,10964,NA
"507","Dogiyai",11080,1262,608,656,1359,260,351,288,144,832,112,46,208,34,827,NA,NA,NA,5,1,854,859,1139,4,628,604
"508","Intan Jaya",21668,1775,159,2080,2212,253,768,10,1816,2028,11,232,17,NA,1827,NA,NA,NA,NA,NA,1685,2156,NA,15,2691,1933
"509","Deiyai",19015,2295,NA,1315,2335,309,1146,16,799,1067,53,465,35,NA,1238,NA,NA,NA,NA,NA,1747,1895,1,NA,2580,1718
"510","Kota Jayapura",17932,1118,1928,199,188,1177,530,814,731,450,130,606,396,310,676,1172,332,153,173,15,2143,1757,573,57,1924,382
