"","kabupaten_kota","ikan","ekor_kuning","tongkol_tuna_cakalang_dencis_ikan_kayu","tenggiri","selar","kembung_lema_tatare_banyar_banyara","teri","bandeng","gabus","mujair","mas_nila","lele","kakap","baronang","patin","bawal","gurame","ikan_segar_basah_lainnya","udang_lobster","cumi_cumi_sotong_gurita","ketam_kepiting_rajungan","kerang_siput_bekicot_remis","udang_dan_hewan_air_lainnya_yang_segar_lainnya","kembung_diawetkan_peda","tenggiri_diawetkan","tongkol_tuna_cakalang_diawetkan","teri_diawetkan","selar_diawetkan","sepat_diawetkan","bandeng_diawetkan","gabus_diawetkan","ikan_dalam_kaleng_sardencis_tuna_dalam_kaleng_dsb","ikan_diawetkan_lainnya","udang_diawetkan_ebi_rebon","cumi_cumi_sotong_gurita_diawetkan","udang_dan_hewan_air_lainnya_yang_diawetkan"
"1","Simeulue",12745,934,4522,241,844,1146,333,65,70,31,13,97,775,68,NA,10,13,1640,499,617,111,101,37,9,NA,134,210,NA,NA,NA,NA,45,124,38,20,1
"2","Aceh Singkil",17562,579,5991,101,68,1063,230,61,1296,260,2960,770,168,20,68,NA,69,1032,608,250,47,59,33,89,13,210,502,11,5,11,102,38,748,68,5,24
"3","Aceh Selatan",16598,501,5760,139,1796,1807,1056,97,209,87,343,174,732,16,18,34,15,1653,431,188,4,38,75,32,1,82,719,140,8,10,4,12,225,170,NA,22
"4","Aceh Tenggara",17814,86,2539,3,36,547,619,59,275,2640,4250,563,NA,NA,21,40,37,196,397,166,38,56,84,752,41,215,2229,232,25,NA,70,117,770,305,233,170
"5","Aceh Timur",17687,871,5011,131,359,1822,424,2619,167,534,41,58,242,38,17,88,8,983,1779,554,158,6,337,131,47,188,632,47,26,22,2,54,204,69,NA,19
"6","Aceh Tengah",17327,6,2461,29,43,1263,303,3458,107,3233,1211,259,27,NA,26,423,NA,533,1774,392,57,27,33,120,NA,57,359,137,20,9,13,221,617,54,7,46
"7","Aceh Barat",27910,147,8124,319,423,4438,414,617,1148,203,786,1452,1131,NA,11,438,153,1912,2786,325,69,386,601,352,23,222,577,18,2,11,164,70,154,328,27,77
"8","Aceh Besar",22984,513,8093,120,41,1962,1323,812,354,501,208,247,272,49,NA,5,18,487,3878,1219,233,61,181,189,71,500,1271,70,NA,NA,1,15,94,151,41,2
"9","Pidie",21965,412,6316,172,434,3051,1393,1925,90,1032,191,72,84,76,NA,83,43,1123,3529,375,132,58,336,223,6,118,411,33,4,4,NA,4,94,143,NA,NA
"10","Bireuen",24434,529,7154,191,542,1835,918,3412,161,1432,116,33,211,12,77,35,75,1410,3846,759,77,64,110,189,13,320,408,62,4,53,11,2,301,38,5,30
"11","Aceh Utara",15908,677,3948,149,453,1469,682,2551,234,1353,26,93,138,9,36,68,53,404,1498,623,62,29,NA,185,78,138,544,123,13,68,5,11,99,80,NA,10
"12","Aceh Barat Daya",16990,296,4841,332,1194,2034,1560,61,685,255,606,808,172,1,15,16,1,1288,661,281,45,43,47,54,21,121,960,130,25,2,7,NA,123,301,NA,4
"13","Gayo Lues",23757,231,2159,NA,5,397,257,420,12,3936,5503,719,55,NA,259,7,21,569,1415,145,NA,17,13,1011,99,199,4066,54,NA,23,14,306,1182,337,44,281
"14","Aceh Tamiang",13426,163,3544,20,114,1006,56,1350,419,506,251,290,235,NA,18,77,54,2427,1413,396,82,42,12,31,45,25,426,13,1,NA,4,54,303,24,9,15
"15","Nagan Raya",21594,341,5136,24,94,1796,693,561,1800,236,2075,2033,306,10,87,148,39,1098,1632,143,181,486,136,333,15,293,791,24,4,6,198,148,257,450,5,15
"16","Aceh Jaya",23960,410,8212,142,317,1736,427,1009,906,368,490,536,186,11,NA,59,48,2131,3492,387,489,286,38,149,20,430,802,43,3,2,16,272,207,269,17,51
"17","Bener Meriah",15597,74,3124,19,4,1438,132,4159,189,3094,299,103,NA,NA,64,297,14,242,854,52,48,NA,15,49,2,100,273,1,4,3,NA,184,632,39,NA,90
"18","Pidie Jaya",22260,398,5591,464,351,1785,1748,2524,175,1812,206,126,78,5,41,82,98,294,3508,345,291,191,778,312,64,184,581,53,34,35,7,5,49,20,NA,24
"19","Kota Banda Aceh",26658,367,8587,202,65,2205,713,576,83,623,89,155,888,15,7,81,45,1707,5445,2504,111,161,799,48,29,68,849,2,2,NA,4,11,77,102,36,NA
"20","Kota Sabang",22244,820,7244,150,168,1672,1259,85,80,1088,224,89,503,21,NA,24,NA,3956,2116,1187,12,5,NA,156,16,292,780,NA,15,3,NA,39,165,46,27,NA
"21","Kota Langsa",19441,177,4942,NA,531,1982,133,982,67,558,44,344,694,41,38,218,33,2456,3724,977,250,27,28,79,NA,67,539,7,NA,NA,20,63,360,37,15,5
"22","Kota Lhokseumawe",23149,360,6553,189,541,2346,856,2215,82,811,106,155,674,78,18,316,34,688,4200,1345,108,194,235,96,12,217,421,30,NA,23,5,NA,136,45,32,28
"23","Kota Subulussalam",13766,47,5801,50,16,383,73,14,693,313,2250,575,NA,NA,66,15,53,456,503,355,29,1,NA,98,43,376,920,79,14,4,27,28,353,76,6,48
"24","Nias",9771,43,4467,252,232,62,95,NA,19,10,90,451,60,NA,NA,25,13,182,33,49,8,NA,NA,166,175,561,999,101,13,NA,7,28,1408,19,NA,206
"25","Mandailing Natal",12306,88,3684,121,17,935,102,13,488,507,2171,366,16,NA,NA,21,NA,355,313,139,2,NA,21,123,134,377,1182,91,40,51,91,124,525,161,NA,47
"26","Tapanuli Selatan",14644,96,3953,84,52,730,81,NA,192,799,3152,550,20,NA,NA,10,NA,397,118,200,21,NA,NA,165,19,390,1556,14,9,13,51,165,1227,320,2,257
"27","Tapanuli Tengah",18336,546,4611,31,252,4844,355,15,241,133,536,309,38,37,NA,29,NA,2596,640,375,89,39,31,77,13,178,819,52,13,52,15,23,1246,57,2,44
"28","Tapanuli Utara",20049,195,4190,80,27,151,233,31,92,4149,1566,635,83,NA,NA,24,13,249,107,93,NA,NA,11,611,19,300,3406,166,70,29,263,4,2985,138,7,124
"29","Toba Samosir",24759,23,3731,6,NA,383,554,NA,367,7388,1948,1091,238,NA,34,93,115,301,286,134,8,30,8,479,11,179,4288,52,24,26,NA,15,2557,195,7,188
"30","Labuhan Batu",16463,77,2107,NA,230,3812,322,23,1177,782,1082,1371,92,1,315,70,33,1014,588,111,46,409,135,216,4,60,1482,85,47,NA,11,40,299,354,3,68
"31","Asahan",17917,52,2082,80,216,4101,325,NA,1541,566,1042,1129,29,11,175,61,114,1941,804,163,171,836,50,192,1,45,994,267,24,NA,12,39,380,399,9,68
"32","Simalungun",16735,95,2991,49,52,1737,20,7,204,1051,2082,1408,20,NA,131,NA,4,313,603,90,13,334,13,613,34,121,3244,266,45,NA,23,29,732,322,11,77
"33","Dairi",18349,131,2090,9,34,420,123,NA,101,3305,2469,827,26,NA,1,NA,3,122,132,124,NA,8,NA,166,359,338,3498,319,NA,3,21,14,3041,127,NA,539
"34","Karo",23279,147,2944,NA,81,928,353,NA,317,725,5832,1942,13,NA,52,49,NA,325,832,263,222,184,NA,1038,21,137,4381,202,37,5,68,249,517,1203,112,99
"35","Deli Serdang",16306,128,3930,8,187,2220,256,4,190,287,2014,1240,160,NA,27,20,129,797,1373,238,35,319,28,122,7,63,1888,25,18,NA,4,44,366,138,2,39
"36","Langkat",14170,253,2746,36,75,1468,176,177,859,190,1212,772,45,26,50,38,142,1789,1112,189,206,91,78,259,3,23,1596,46,13,1,NA,79,334,45,6,37
"37","Nias Selatan",12032,285,6180,407,24,231,439,43,12,81,4,92,20,NA,NA,37,NA,268,228,385,NA,NA,NA,162,12,707,1011,59,NA,59,NA,29,1259,NA,NA,NA
"38","Humbang Hasundutan",20735,152,3209,76,34,430,284,24,67,4108,2127,540,96,NA,NA,16,11,217,211,77,NA,NA,NA,316,NA,340,3562,179,93,70,87,99,3811,222,28,249
"39","Pakpak Bharat",15250,13,2437,NA,NA,139,16,NA,29,2451,1498,286,28,NA,NA,22,NA,175,131,33,NA,NA,5,385,NA,169,2052,83,NA,NA,40,26,4999,120,NA,113
"40","Samosir",23868,NA,1886,NA,NA,263,458,NA,171,9358,1529,341,31,NA,NA,NA,26,158,9,18,27,28,NA,163,4,441,5398,282,63,NA,27,15,2943,NA,NA,227
"41","Serdang Bedagai",16149,47,2550,14,173,4002,310,16,761,262,1207,896,61,NA,27,8,182,1625,1059,115,80,416,29,127,22,20,1460,37,46,NA,1,39,448,77,NA,34
"42","Batu Bara",15662,72,1826,8,252,4667,162,15,702,59,671,279,21,NA,32,161,46,2543,986,339,323,551,130,115,4,70,872,65,6,NA,NA,61,459,106,NA,59
"43","Padang Lawas Utara",15540,89,2421,17,80,764,28,5,279,88,2865,1766,85,NA,169,NA,NA,666,263,70,16,42,11,228,41,243,2894,95,17,28,26,195,1161,778,10,99
"44","Padang Lawas",14803,29,2204,40,4,190,145,NA,161,186,3609,1931,97,31,198,NA,NA,1130,336,73,NA,14,70,133,32,809,1884,103,3,3,69,428,394,373,15,108
"45","Labuhan Batu Selatan",16688,20,2239,45,28,1876,426,6,1425,183,2716,1409,27,NA,529,23,75,1023,372,157,62,315,4,355,8,130,1983,154,7,12,NA,101,275,596,21,87
"46","Labuhan Batu Utara",17104,36,1101,13,47,2489,174,81,2180,126,1956,890,NA,NA,273,33,80,1674,705,140,238,377,22,336,2,47,2292,700,29,NA,30,101,261,584,6,84
"47","Nias Utara",12822,466,5796,345,207,568,443,91,43,7,109,532,452,36,16,41,134,168,38,378,NA,3,NA,64,57,667,816,12,16,NA,NA,111,1103,NA,NA,103
"48","Nias Barat",7693,51,1775,77,363,633,275,NA,45,37,106,439,72,NA,15,49,NA,161,173,47,NA,14,NA,42,30,134,1209,64,38,NA,59,48,1740,NA,NA,NA
"49","Kota Sibolga",17630,327,5330,131,348,3884,302,NA,33,113,208,151,369,623,NA,127,16,2773,693,773,31,20,13,38,23,25,891,37,7,NA,NA,2,266,28,34,14
"50","Kota Tanjung Balai",17116,66,2461,103,489,4095,36,8,236,71,420,207,34,NA,40,379,112,3316,1363,460,153,663,179,17,7,14,1467,196,30,NA,NA,53,216,189,34,2
"51","Kota Pematang Siantar",19050,29,4034,22,107,1983,95,NA,186,928,3135,1627,150,NA,162,184,6,567,1236,186,43,344,11,657,13,23,2694,9,NA,2,NA,14,409,103,21,70
"52","Kota Tebing Tinggi",19064,108,3222,62,277,3364,73,16,291,108,1532,881,325,NA,45,317,124,1975,1913,364,293,659,85,327,NA,61,2067,21,12,NA,NA,95,262,128,47,12
"53","Kota Medan",19522,174,4529,38,314,2108,209,58,247,756,1777,1211,507,NA,87,338,239,653,2677,587,132,269,135,144,16,33,1777,30,6,NA,7,110,177,137,27,14
"54","Kota Binjai",15703,164,4336,29,178,2010,282,NA,130,23,1618,1155,155,NA,81,189,221,440,1854,469,17,209,52,188,11,14,1584,54,18,7,NA,48,160,9,NA,NA
"55","Kota Padangsidimpuan",16408,57,4832,47,91,742,100,5,41,952,2491,810,108,NA,11,16,40,951,699,345,NA,10,NA,51,2,167,1656,59,56,14,4,278,1212,313,13,236
"56","Kota Gunungsitoli",16790,173,7383,317,640,1115,419,43,23,7,206,939,1137,NA,NA,584,83,776,124,494,NA,NA,NA,274,43,255,666,346,190,29,5,19,485,12,NA,NA
"57","Kepulauan Mentawai",20992,964,5284,151,805,45,121,NA,360,191,150,576,605,208,NA,NA,157,7866,833,167,228,313,136,221,9,6,1072,20,16,NA,5,194,288,NA,NA,NA
"58","Pesisir Selatan",13551,335,3946,83,964,2246,463,30,129,46,924,340,67,152,2,99,NA,1515,190,385,10,78,34,18,5,50,988,120,64,2,12,14,234,NA,NA,5
"59","Solok",11192,56,3208,19,176,55,221,53,38,308,2620,265,NA,NA,145,NA,46,560,60,12,22,10,36,150,78,150,1384,142,678,53,35,38,492,74,NA,9
"60","Sijunjung",11925,71,2478,9,18,18,103,NA,52,112,2824,813,10,3,720,20,NA,853,229,68,NA,1,135,45,19,40,1820,114,419,23,31,314,493,48,23,NA
"61","Tanah Datar",13474,98,2658,39,133,149,NA,5,2,348,3385,274,4,NA,260,2,102,828,384,77,NA,15,19,8,59,151,1594,129,1377,57,391,202,674,30,NA,19
"62","Padang Pariaman",14129,828,3906,119,1422,2318,100,NA,92,120,1970,325,87,7,11,11,22,463,692,201,16,3,51,36,16,41,762,157,169,5,15,15,118,26,4,NA
"63","Agam",13895,124,3774,62,12,432,151,33,41,443,3169,502,6,8,114,11,52,628,990,175,2,32,81,64,17,81,1315,97,715,30,44,126,386,47,NA,133
"64","Lima Puluh Kota",14247,19,1948,97,46,57,8,16,75,59,4287,544,9,5,385,NA,171,500,302,68,NA,42,14,100,239,596,2068,90,1030,22,197,434,640,111,19,51
"65","Pasaman",10485,106,2572,46,30,22,30,NA,182,544,3066,360,NA,NA,NA,1,37,187,153,29,36,6,17,163,50,425,1362,84,118,39,112,132,367,171,NA,39
"66","Solok Selatan",13360,127,4042,49,NA,134,27,17,12,257,3022,511,NA,NA,191,12,52,1059,323,45,NA,6,4,44,88,117,2188,138,455,45,44,164,161,17,NA,10
"67","Dharmasraya",13219,84,2418,8,52,56,28,3,217,89,2935,1129,5,NA,839,24,79,1109,773,74,NA,NA,39,86,48,143,1968,77,277,47,21,349,209,5,11,16
"68","Pasaman Barat",17222,308,4193,778,722,2201,135,39,255,94,2234,485,39,NA,29,41,18,1155,1410,120,78,42,32,209,34,283,1337,142,30,6,79,73,540,27,15,40
"69","Kota Padang",16516,221,4805,163,326,2302,574,3,63,81,1736,586,162,NA,27,6,78,1383,1177,467,118,5,79,15,1,45,889,52,629,14,132,123,236,8,5,7
"70","Kota Solok",13860,241,3635,103,752,154,17,NA,NA,192,2804,517,24,NA,209,25,NA,624,852,279,28,NA,28,10,4,37,1368,144,1087,29,91,180,339,22,61,7
"71","Kota Sawah Lunto",15405,226,3424,80,98,183,73,1,8,63,4064,1040,15,NA,512,14,67,580,916,522,23,NA,NA,84,59,99,1631,83,1055,42,197,131,93,22,NA,NA
"72","Kota Padang Panjang",14258,110,4269,60,124,305,51,12,49,305,2187,624,29,15,314,NA,22,336,1532,482,NA,NA,50,162,15,97,1343,80,901,27,142,462,98,9,45,3
"73","Kota Bukittinggi",15868,139,5082,56,70,275,31,13,NA,584,3192,618,32,NA,239,15,30,407,1345,534,44,4,98,54,16,110,1315,129,729,13,84,339,199,46,10,16
"74","Kota Payakumbuh",13753,114,2438,45,518,264,63,6,11,63,4207,546,37,NA,273,NA,118,168,707,211,NA,NA,59,155,57,185,1875,219,726,3,81,324,210,11,16,44
"75","Kota Pariaman",18228,510,5028,419,701,3035,207,NA,226,232,1481,587,373,NA,59,28,214,1843,1403,586,43,NA,7,14,5,23,672,24,314,4,10,11,169,NA,NA,NA
"76","Kuantan Singingi",16117,NA,1045,NA,68,167,176,35,383,33,3935,1021,28,NA,2146,111,42,683,1023,240,NA,77,36,221,71,110,2805,89,270,11,6,335,745,124,53,29
"77","Indragiri Hulu",14935,NA,810,10,230,404,231,33,1263,73,3637,1236,55,30,2357,61,92,909,562,110,34,107,5,132,13,76,1732,50,20,3,22,177,434,9,10,7
"78","Indragiri Hilir",19182,42,1321,343,507,982,213,75,896,47,1036,652,241,38,1248,324,191,3475,2186,306,216,487,664,104,10,NA,1932,23,16,0,10,238,1165,55,6,134
"79","Pelalawan",21548,63,1989,84,156,588,194,65,1659,118,2664,1533,58,22,2250,28,170,2466,1706,680,126,201,222,284,NA,96,2739,131,83,18,64,154,738,117,3,79
"80","Siak",16400,15,1916,185,131,1109,250,31,1012,14,2441,1650,31,NA,1342,39,132,1029,1065,251,NA,126,122,263,31,189,2179,81,64,8,49,264,311,37,11,24
"81","Kampar",15086,21,1377,39,192,357,465,19,684,76,2671,1287,17,18,1978,71,43,1229,521,259,NA,252,8,73,12,128,2332,111,94,5,15,384,283,40,14,11
"82","Rokan Hulu",16407,34,1691,3,45,398,828,78,926,122,2971,1173,18,63,1372,67,115,1692,452,222,NA,62,12,330,3,154,2040,101,151,20,85,128,819,147,49,37
"83","Bengkalis",19053,172,1654,719,1165,1385,12,31,1108,116,1511,1428,47,4,941,57,123,2694,1086,188,39,316,48,216,66,19,2468,186,192,NA,69,333,414,173,57,15
"84","Rokan Hilir",17105,60,1561,22,165,1902,189,33,2425,394,1346,1048,12,48,1016,161,92,2357,651,164,71,578,83,132,17,40,1212,143,53,2,36,123,498,391,23,57
"85","Kepulauan Meranti",17523,83,1816,824,1086,991,118,6,278,22,90,195,38,10,69,255,56,5584,2238,90,196,362,433,340,2,28,1049,10,5,3,NA,201,933,49,24,39
"86","Kota Pekanbaru",20222,66,2432,9,453,451,126,6,445,157,2823,1825,84,24,1658,88,432,2344,2263,854,19,117,74,103,38,12,2187,78,298,5,70,246,381,19,10,24
"87","Kota Dumai",19390,87,2161,285,301,1190,171,69,428,47,1939,1410,199,NA,982,72,47,3861,1796,441,71,397,59,176,16,111,2035,23,102,NA,16,215,534,86,36,27
"88","Kerinci",14971,65,2646,98,29,555,NA,NA,63,2357,2382,308,4,NA,20,14,14,1756,243,59,NA,73,14,36,1,97,1515,51,450,32,5,263,1259,174,16,370
"89","Merangin",11260,34,1275,NA,15,49,59,32,220,89,3885,1160,160,7,443,NA,NA,701,86,118,NA,4,24,92,15,198,2151,8,50,NA,61,222,90,6,3,2
"90","Sarolangun",12290,2,866,13,NA,124,4,17,483,36,4177,847,8,7,1505,37,107,1077,202,12,NA,43,NA,60,88,197,1944,6,32,5,2,203,169,4,9,8
"91","Batang Hari",11457,NA,613,NA,6,32,12,44,1037,24,3347,657,8,7,2376,NA,29,660,368,26,NA,22,NA,26,8,119,1598,NA,8,NA,29,264,121,6,NA,9
"92","Muaro Jambi",15432,94,1124,9,115,388,NA,65,1721,79,3543,1347,77,17,1899,115,198,1039,754,92,109,126,96,63,1,159,1486,28,90,119,54,306,53,47,17,NA
"93","Tanjung Jabung Timur",18425,31,1020,70,54,558,96,113,1432,62,2991,690,105,NA,1232,556,NA,3685,2015,266,282,450,511,26,16,40,1411,5,55,NA,53,162,415,13,NA,8
"94","Tanjung Jabung Barat",14650,18,1362,140,40,875,NA,307,883,99,2104,866,NA,15,1087,750,124,1479,1257,264,57,261,426,89,3,101,1329,6,29,2,10,200,392,44,2,28
"95","Tebo",11870,8,1158,NA,44,200,29,40,760,73,3171,670,14,20,1910,7,62,534,253,115,NA,20,6,45,49,64,2084,69,14,29,NA,251,120,8,24,19
"96","Bungo",13718,31,1766,NA,176,116,3,26,415,87,4037,655,13,7,968,91,141,1358,479,107,NA,NA,48,139,9,211,2323,34,31,6,28,258,145,2,NA,7
"97","Kota Jambi",16987,92,1754,35,109,359,234,39,967,93,3939,1153,177,15,1330,175,330,846,1737,482,111,193,394,115,28,42,1488,21,39,1,115,199,221,94,56,4
"98","Kota Sungai Penuh",16313,47,3546,41,268,279,271,20,194,1922,3326,1155,3,NA,92,57,23,531,998,398,NA,39,47,3,3,320,1385,27,364,NA,17,302,461,101,13,61
"99","Ogan Komering Ulu",10828,NA,776,8,20,141,54,98,267,2271,757,1443,15,4,1872,21,50,529,545,163,NA,7,NA,303,12,203,533,26,257,23,4,228,163,12,24,NA
"100","Ogan Komering Ilir",16650,19,475,57,29,228,30,870,2768,281,1538,1789,158,3,1962,188,124,2836,731,118,174,296,136,80,5,137,199,32,448,7,55,152,653,19,NA,54
"101","Muara Enim",10862,3,659,NA,NA,127,24,25,312,207,3392,848,5,56,2279,48,121,509,297,132,NA,115,68,30,NA,105,512,55,447,12,24,120,260,35,NA,35
"102","Lahat",10811,8,916,4,9,14,31,112,285,2205,1695,1785,69,23,1372,36,76,299,397,155,NA,30,4,14,2,65,450,48,148,11,7,121,373,21,18,9
"103","Musi Rawas",9126,6,586,22,NA,40,66,8,926,73,2890,1051,12,17,1273,13,76,252,113,86,16,20,NA,65,NA,83,800,8,43,NA,11,354,187,27,NA,3
"104","Musi Banyuasin",14257,13,866,8,NA,66,159,238,1756,26,3198,1326,7,38,2531,5,25,1065,335,156,NA,26,10,74,4,151,748,40,454,8,185,403,280,25,NA,31
"105","Banyu Asin",15721,12,930,15,2,828,113,750,2497,713,2186,1105,186,40,1821,44,58,1655,528,175,34,70,113,133,1,19,541,44,459,47,69,116,336,55,NA,26
"106","Ogan Komering Ulu Selatan",8171,19,469,5,10,4,25,186,64,2104,1215,1050,12,5,1235,10,6,230,22,51,NA,3,7,93,11,148,366,117,303,93,3,58,245,NA,NA,2
"107","Ogan Komering Ulu Timur",10506,8,465,8,NA,79,34,212,1606,947,845,2114,42,19,1677,89,142,664,168,11,NA,10,10,182,5,299,187,38,115,5,7,164,297,33,NA,24
"108","Ogan Ilir",12090,NA,260,NA,NA,138,50,16,1567,82,1891,688,3,41,2533,62,47,2553,429,89,NA,1,18,43,NA,55,373,42,541,5,43,230,283,6,NA,2
"109","Empat Lawang",6701,56,722,67,NA,15,16,NA,46,1003,1368,763,19,NA,486,NA,54,692,151,NA,NA,24,3,7,8,17,451,43,103,9,8,161,354,8,15,31
"110","Penukal Abab Lematang Ilir",8912,NA,341,4,NA,44,44,24,644,35,2173,872,3,58,2740,19,NA,573,93,22,NA,67,5,16,1,34,340,8,471,11,43,184,30,4,NA,11
"111","Musi Rawas Utara",12594,45,1241,NA,6,NA,109,36,1044,64,3487,585,11,NA,2032,24,5,1727,85,12,NA,72,64,197,7,103,891,10,134,NA,28,373,192,3,2,4
"112","Kota Palembang",16442,52,1053,188,72,609,36,125,1095,1699,1386,1833,117,NA,2066,80,514,1020,1852,742,88,272,76,181,5,29,355,17,332,12,27,119,303,41,41,7
"113","Kota Prabumulih",9731,2,908,NA,7,43,10,26,382,24,2523,1513,11,3,1785,12,107,340,542,245,NA,89,5,14,NA,61,299,52,291,2,7,158,199,3,9,61
"114","Kota Pagar Alam",7801,46,709,NA,3,60,24,7,5,1081,2282,1289,27,NA,568,22,34,171,74,28,NA,6,0,9,NA,59,619,36,165,NA,2,133,278,22,41,1
"115","Kota Lubuklinggau",11435,NA,1630,99,26,12,45,36,342,96,3392,1037,174,NA,1223,71,270,223,1065,339,26,70,6,20,NA,54,554,5,147,2,19,201,203,31,3,14
"116","Bengkulu Selatan",12935,70,2370,153,12,54,49,9,333,59,5004,371,241,24,52,17,27,1728,765,115,8,152,74,3,12,59,701,9,24,NA,29,292,97,NA,23,NA
"117","Rejang Lebong",8199,25,2373,28,NA,NA,74,27,58,378,2198,345,130,NA,184,NA,NA,147,174,55,NA,2,NA,26,6,82,1001,12,197,5,53,219,348,12,NA,42
"118","Bengkulu Utara",11055,78,3274,16,22,88,24,44,132,62,3314,328,123,2,36,6,124,1019,416,67,NA,5,3,95,NA,61,1040,106,72,3,NA,195,225,28,NA,46
"119","Kaur",14178,107,4072,89,NA,41,79,46,393,68,3984,544,210,237,64,5,14,1765,1203,200,152,119,98,12,4,79,275,NA,6,NA,4,164,110,15,NA,17
"120","Seluma",9965,28,1842,38,NA,NA,51,NA,783,136,2982,382,13,NA,10,13,3,1724,402,14,25,180,56,NA,9,32,619,28,62,NA,12,276,241,NA,NA,5
"121","Mukomuko",12470,212,3195,250,31,250,124,33,240,199,2853,807,89,NA,36,15,14,1558,675,173,34,110,10,41,13,57,821,113,20,NA,NA,176,274,9,NA,39
"122","Lebong",12303,NA,1919,NA,NA,9,45,20,303,220,4685,855,64,NA,67,16,19,918,303,41,NA,49,31,24,1,65,1729,30,200,NA,12,395,222,11,5,45
"123","Kepahiang",8379,36,3038,75,NA,18,29,5,84,595,1658,257,51,NA,87,10,NA,323,4,22,NA,22,31,13,5,33,1102,39,217,NA,32,216,332,NA,22,23
"124","Bengkulu Tengah",10337,146,3297,16,NA,42,69,15,292,212,2962,354,44,NA,8,11,15,1064,465,NA,19,NA,27,12,7,40,675,51,139,NA,19,168,155,8,NA,7
"125","Kota Bengkulu",14815,129,3363,37,22,55,89,3,273,640,2748,775,383,7,86,58,149,2050,1857,506,87,14,56,15,NA,16,637,14,146,4,79,280,176,6,33,23
"126","Lampung Barat",9820,79,1648,145,8,102,112,151,209,1426,2535,906,NA,NA,116,11,3,194,162,132,7,38,21,276,11,200,260,101,188,19,72,90,573,6,NA,22
"127","Tanggamus",7856,181,1214,176,572,722,255,112,95,109,1351,1100,24,12,15,82,9,900,55,123,NA,42,12,58,26,6,133,156,30,5,7,33,226,4,NA,10
"128","Lampung Selatan",11126,163,1089,123,429,1271,187,454,328,290,744,1175,108,9,571,607,160,757,354,696,85,68,7,177,2,68,299,259,154,13,45,70,332,17,12,2
"129","Lampung Timur",8366,72,379,43,42,334,109,483,459,205,1124,1579,67,7,719,334,193,532,250,264,NA,19,12,33,43,205,156,137,11,11,14,40,400,42,12,37
"130","Lampung Tengah",8058,43,391,NA,15,84,19,145,1291,94,1134,1617,10,3,661,28,146,565,126,68,NA,22,34,88,NA,259,196,141,73,15,2,44,640,17,NA,88
"131","Lampung Utara",8116,51,638,8,31,86,45,446,312,39,2546,1135,5,9,820,19,90,536,55,40,NA,3,NA,40,3,303,197,134,34,14,6,28,409,8,NA,25
"132","Way Kanan",9120,6,485,3,27,142,14,97,453,31,1643,1892,11,11,1590,25,168,714,155,51,3,4,23,152,21,206,110,17,20,9,NA,114,897,13,7,9
"133","Tulangbawang",8667,0,301,NA,12,55,16,652,971,122,1943,1061,145,2,627,38,39,575,977,105,19,3,68,17,2,93,143,167,11,4,NA,37,448,7,NA,6
"134","Pesawaran",8197,277,1121,144,320,571,173,123,144,178,741,1171,5,158,174,102,121,612,194,410,30,152,2,53,2,152,337,99,47,3,1,70,419,16,32,43
"135","Pringsewu",7566,57,1406,15,138,284,32,2,62,213,1153,2181,19,NA,242,15,132,229,207,103,NA,0,1,36,5,271,369,130,25,5,NA,29,168,22,5,10
"136","Mesuji",9049,NA,337,NA,19,196,34,702,1684,91,1079,1678,12,27,726,38,97,712,322,8,NA,32,44,11,NA,188,88,74,2,7,38,66,703,18,NA,14
"137","Tulang Bawang Barat",8069,6,252,NA,NA,125,38,149,709,12,1621,1831,18,16,1195,49,61,588,132,80,NA,3,NA,51,4,150,57,83,11,NA,NA,135,592,2,NA,97
"138","Pesisir Barat",14020,182,3326,823,197,732,78,107,444,1247,1848,718,407,254,65,26,40,1187,387,473,115,211,236,189,33,74,353,36,69,6,NA,7,123,7,NA,20
"139","Kota Bandar Lampung",15463,152,1342,145,480,1473,424,54,112,78,1811,1875,165,34,548,110,816,1606,1657,1428,42,59,22,126,1,38,230,70,108,NA,38,105,260,18,22,12
"140","Kota Metro",12177,124,1580,8,53,579,14,80,385,NA,1722,2271,24,NA,989,106,770,625,1067,725,44,1,43,120,13,366,181,69,23,NA,30,50,94,10,9,5
"141","Bangka",23119,1039,3670,1084,3276,2586,134,234,548,65,476,580,162,NA,180,41,42,5412,1627,709,268,185,NA,18,33,105,34,74,2,NA,3,95,432,6,NA,NA
"142","Belitung",27348,2333,2880,863,1377,3126,58,2,294,4,56,442,193,416,70,11,NA,9467,1718,1988,742,410,NA,66,NA,22,93,193,17,10,0,259,222,NA,16,NA
"143","Bangka Barat",21009,383,2606,545,2546,2838,82,124,501,27,129,411,303,45,44,15,17,4713,2374,1107,525,265,108,111,11,84,245,31,1,NA,NA,155,547,74,41,NA
"144","Bangka Tengah",19491,287,1906,442,2177,1452,45,227,575,26,383,647,88,208,168,66,49,7270,980,1133,242,87,41,38,NA,88,23,34,NA,14,NA,137,631,11,17,NA
"145","Bangka Selatan",18853,642,1606,581,1298,1753,56,1519,960,94,205,368,425,81,389,633,8,3826,1126,1466,240,264,NA,15,1,226,170,117,11,12,46,131,559,NA,26,NA
"146","Belitung Timur",29002,2655,3274,1302,1939,1546,43,13,669,16,191,870,94,310,128,71,12,9327,1143,2946,421,216,NA,76,3,128,119,423,5,NA,60,446,526,NA,26,NA
"147","Kota Pangkal Pinang",23292,457,2631,2176,3323,1942,20,147,79,61,332,814,240,83,184,312,108,4397,2939,1594,133,204,NA,42,100,52,54,62,3,5,NA,241,511,11,37,NA
"148","Karimun",23986,168,2158,2042,1919,1887,563,174,106,211,44,545,655,130,167,398,235,4718,3489,1238,182,165,17,235,18,42,1349,43,32,7,9,458,386,74,106,18
"149","Bintan",18678,645,3267,377,1739,2089,483,33,93,80,69,1164,87,45,50,62,25,3003,948,1761,262,187,380,142,1,80,907,62,10,NA,21,58,430,21,40,55
"150","Natuna",19043,381,9014,127,106,599,58,NA,92,6,NA,199,287,52,NA,NA,25,4353,863,1549,264,81,71,53,52,221,362,18,4,NA,NA,23,143,10,NA,28
"151","Lingga",23008,480,1098,822,1934,1247,427,NA,37,29,6,220,62,1120,110,432,156,7365,1615,2245,530,119,172,74,71,22,1299,35,NA,6,NA,322,862,4,37,53
"152","Kepulauan Anambas",17933,904,7389,78,1843,534,128,9,NA,22,6,85,185,162,NA,NA,36,3994,88,1689,69,16,6,4,NA,37,204,198,NA,NA,NA,32,152,8,10,46
"153","Kota Batam",24085,255,2885,757,1304,1683,295,201,134,1561,243,1491,1066,216,436,496,116,2244,2800,2116,405,99,66,195,9,23,2230,48,75,44,49,177,269,59,29,8
"154","Kota Tanjung Pinang",22139,560,3187,325,2720,1739,73,33,136,63,67,1202,417,48,275,155,102,3310,2729,1849,189,295,172,83,NA,50,1339,35,67,NA,6,353,476,27,53,0
"155","Kep. Seribu",20611,1714,6451,153,1511,1239,560,576,NA,42,17,69,248,1266,6,91,17,2831,667,1988,204,104,20,37,27,11,352,199,7,5,NA,55,104,17,19,5
"156","Kota Jakarta Selatan",15873,207,1124,33,198,1974,190,743,84,534,1458,1906,173,47,332,775,1074,252,1680,375,18,97,176,56,8,289,583,8,124,164,168,102,150,60,688,24
"157","Kota Jakarta Timur",17908,227,1279,156,275,1983,149,764,177,898,1657,2470,212,45,358,608,751,149,1877,784,124,112,17,103,16,299,908,75,129,108,182,291,108,53,515,50
"158","Kota Jakarta Pusat",12148,94,1179,254,133,1907,166,573,32,597,521,1380,304,21,174,792,731,79,1115,643,NA,16,248,70,12,294,285,18,80,25,114,30,49,11,198,0
"159","Kota Jakarta Barat",16413,142,760,471,402,2196,135,1532,62,991,688,1061,251,81,148,1024,803,183,1788,901,63,72,57,98,14,162,776,26,222,182,190,188,71,121,535,16
"160","Kota Jakarta Utara",20242,350,1758,606,184,2573,166,1495,89,926,540,1374,600,248,284,1179,779,252,2340,1403,2,129,287,222,4,286,815,29,86,120,121,346,189,107,307,43
"161","Bogor",9185,45,524,6,55,500,75,219,143,414,1647,497,86,8,37,171,114,59,467,199,3,11,16,168,22,818,1225,119,268,137,164,114,256,194,358,48
"162","Sukabumi",10543,37,710,31,33,204,137,50,31,628,2687,196,78,NA,8,251,29,511,280,269,NA,6,35,278,18,585,1370,318,575,61,175,106,233,323,247,42
"163","Cianjur",9016,NA,132,20,35,135,161,158,20,505,2434,134,34,NA,76,459,49,144,219,139,54,13,17,468,9,657,1028,169,396,285,151,176,453,97,146,42
"164","Bandung",7960,NA,170,36,9,371,17,276,30,528,2203,253,48,14,188,66,201,33,370,337,75,7,38,412,49,500,74,118,507,463,16,95,134,6,308,9
"165","Garut",6034,7,316,7,22,25,4,85,13,661,2296,149,11,2,17,283,54,105,49,109,NA,1,NA,380,1,266,18,135,306,276,15,42,294,8,73,2
"166","Tasikmalaya",7324,13,178,NA,15,16,48,181,46,1612,2306,181,7,NA,41,205,210,125,127,70,NA,21,19,663,2,273,148,36,125,273,2,97,171,23,79,12
"167","Ciamis",7279,12,57,NA,4,28,8,98,52,2970,1227,218,124,NA,15,124,292,116,227,31,NA,17,33,409,2,94,120,69,71,257,11,188,312,12,50,29
"168","Kuningan",6519,NA,85,NA,NA,73,14,142,52,1565,901,439,5,NA,14,120,383,109,218,243,NA,60,27,300,13,76,245,122,85,451,1,93,441,102,91,48
"169","Cirebon",4813,20,172,22,NA,365,43,563,90,499,215,474,60,4,55,57,176,207,332,326,12,84,18,89,1,217,98,39,47,235,8,17,210,10,34,14
"170","Majalengka",4761,NA,52,2,17,23,17,66,111,809,1150,297,10,9,43,57,85,177,93,100,NA,11,7,241,4,322,120,111,117,167,3,31,345,69,60,33
"171","Sumedang",6545,NA,153,NA,8,79,9,60,6,1238,1862,177,4,NA,78,35,43,34,157,60,NA,35,NA,352,45,372,125,238,425,182,18,93,506,44,84,25
"172","Indramayu",9559,41,209,66,58,341,94,1168,253,876,523,1204,105,21,23,279,285,559,647,1049,157,75,53,224,7,69,235,151,51,210,31,105,278,51,59,2
"173","Subang",8329,91,213,59,14,339,70,328,170,664,2567,367,2,38,167,154,105,95,211,133,63,14,49,363,6,284,340,188,297,150,50,118,468,35,92,27
"174","Purwakarta",9466,NA,87,40,2,127,16,46,22,157,3457,318,67,NA,162,119,38,46,330,170,31,1,26,232,80,523,1048,210,543,470,138,140,379,62,309,68
"175","Karawang",9243,40,172,30,41,290,363,1233,470,1310,1248,739,51,23,196,70,238,186,413,338,19,26,45,177,3,268,546,25,92,117,65,149,67,65,124,6
"176","Bekasi",12717,87,569,10,45,1095,301,1113,332,1101,1304,1562,71,NA,110,283,318,193,799,361,12,28,40,128,24,410,1273,77,132,222,119,149,50,63,309,28
"177","Bandung Barat",7052,NA,91,NA,5,150,25,66,8,161,2304,222,51,NA,225,58,18,37,202,228,NA,36,9,439,22,543,312,202,539,544,58,86,223,23,158,9
"178","Pangandaran",12071,NA,662,61,138,1003,42,535,549,3243,1209,282,26,6,35,212,170,1544,639,374,45,265,108,393,2,74,56,38,31,48,17,182,39,17,23,1
"179","Kota Bogor",12607,21,304,128,68,728,38,493,64,885,1406,1048,140,25,103,200,725,151,1293,416,NA,31,18,140,11,788,1260,421,229,100,122,333,221,140,532,24
"180","Kota Sukabumi",8614,NA,236,NA,8,349,19,54,NA,211,2107,110,16,NA,31,44,76,60,461,464,NA,2,68,164,5,1105,954,417,438,87,174,143,272,168,337,33
"181","Kota Bandung",10533,54,260,85,6,734,7,180,47,467,2396,432,196,10,414,203,685,150,1132,567,77,54,145,227,34,480,181,76,270,225,40,114,231,36,298,17
"182","Kota Cirebon",8708,124,217,182,7,792,36,612,20,731,418,583,296,8,94,77,556,236,1287,680,NA,117,232,60,NA,12,129,11,72,535,35,102,310,25,91,19
"183","Kota Bekasi",19591,385,1397,254,228,2039,105,959,126,985,1758,2045,283,87,246,815,957,390,2331,779,88,155,32,96,20,296,1098,38,127,208,224,247,159,128,489,19
"184","Kota Depok",16426,93,1106,141,180,1884,99,381,42,951,2071,1739,173,6,215,297,797,176,1715,635,18,116,131,84,4,452,964,49,181,127,264,194,381,109,596,58
"185","Kota Cimahi",9821,16,253,128,1,607,22,183,96,231,2423,330,177,NA,328,200,612,191,1242,493,17,45,138,204,12,466,66,72,226,314,62,105,156,50,324,31
"186","Kota Tasikmalaya",8170,NA,99,NA,NA,87,12,161,66,2410,1494,301,21,NA,40,92,657,77,557,583,39,92,61,155,NA,310,94,24,59,236,10,192,112,3,109,16
"187","Kota Banjar",7301,NA,84,6,NA,NA,18,110,234,3225,876,439,69,NA,78,144,282,176,152,114,NA,2,19,328,2,51,131,6,116,112,17,142,249,10,110,2
"188","Cilacap",5239,74,77,4,4,433,13,345,357,1383,201,517,15,3,66,158,203,485,270,16,6,7,44,190,5,26,27,9,30,105,4,44,100,7,NA,12
"189","Banyumas",5525,107,222,11,NA,191,39,395,33,864,190,902,14,NA,93,148,253,267,212,34,NA,2,20,215,27,369,90,22,24,465,11,38,171,62,1,32
"190","Purbalingga",3111,NA,184,12,NA,49,14,134,19,99,59,684,5,NA,72,198,125,93,97,95,NA,NA,NA,90,15,533,121,25,13,165,NA,11,137,53,3,8
"191","Banjarnegara",6259,3,310,NA,NA,30,25,478,5,1626,234,856,20,NA,78,134,142,193,50,37,NA,NA,NA,161,18,363,142,58,19,132,NA,11,1080,11,NA,45
"192","Kebumen",4370,13,144,34,20,211,26,337,227,92,259,822,2,NA,80,136,128,833,280,27,NA,11,40,122,2,134,98,9,5,127,5,9,122,11,NA,3
"193","Purworejo",4508,NA,107,5,4,5,17,417,240,63,324,1263,NA,NA,108,127,141,479,359,NA,NA,NA,23,113,NA,137,66,7,NA,75,NA,32,355,34,NA,6
"194","Wonosobo",4684,NA,57,NA,NA,8,NA,24,9,524,713,418,31,NA,16,81,45,61,284,215,NA,28,NA,447,2,331,45,41,11,75,6,14,1117,51,1,29
"195","Magelang",3589,18,81,10,NA,10,4,104,39,173,532,1058,7,NA,35,198,46,70,113,18,NA,0,4,72,12,146,91,39,14,213,15,34,386,37,NA,11
"196","Boyolali",3925,NA,84,NA,NA,38,23,81,14,93,169,1357,315,NA,73,32,89,83,104,89,NA,NA,9,90,NA,162,148,5,14,753,NA,9,64,11,1,14
"197","Klaten",4468,NA,130,7,NA,32,23,613,29,15,261,1797,91,NA,104,47,14,78,82,12,NA,23,2,35,29,170,150,12,11,539,1,28,85,29,7,12
"198","Sukoharjo",5527,39,126,62,NA,9,41,514,46,76,385,1560,244,29,371,78,90,40,292,157,NA,34,10,81,41,119,107,41,1,678,5,119,64,68,NA,0
"199","Wonogiri",4626,10,337,NA,13,15,50,378,6,97,1228,1062,48,NA,47,3,34,91,81,15,NA,3,3,14,7,261,181,29,NA,417,7,11,154,10,NA,12
"200","Karanganyar",4690,NA,69,30,16,39,56,507,21,43,214,1490,304,3,189,28,96,18,121,44,NA,NA,NA,19,16,248,174,40,10,785,13,6,53,29,NA,10
"201","Sragen",5980,5,106,NA,52,26,105,790,10,83,584,1887,108,NA,216,18,32,41,132,61,20,13,16,34,7,165,226,58,16,1002,23,10,48,72,6,9
"202","Grobogan",4106,NA,57,4,1,80,29,335,171,127,324,1486,23,NA,32,131,29,106,95,71,NA,15,16,238,NA,175,135,118,12,79,3,2,174,5,2,30
"203","Blora",4500,11,65,40,NA,28,22,431,59,40,136,1179,148,NA,69,5,133,185,236,20,NA,23,16,289,NA,261,140,206,31,72,NA,43,560,10,NA,42
"204","Rembang",8426,360,518,96,270,717,126,733,26,157,166,452,63,26,42,33,32,1181,463,862,72,18,52,140,12,248,42,100,5,NA,NA,8,1350,12,2,44
"205","Pati",12405,78,100,9,24,632,135,2481,252,1366,869,1443,26,NA,93,212,152,558,1572,372,116,122,37,182,NA,405,119,43,NA,60,5,36,884,3,2,18
"206","Kudus",10112,153,152,44,32,362,155,1344,601,714,864,2284,141,1,88,186,108,287,902,584,108,32,10,254,7,274,96,20,2,98,29,21,157,1,3,NA
"207","Jepara",9643,216,1118,91,134,1541,108,1202,95,398,161,693,34,14,61,88,68,977,681,813,12,32,65,95,8,556,167,14,NA,12,NA,16,161,5,6,1
"208","Demak",10552,91,225,25,56,508,124,987,722,558,928,1992,47,20,196,323,205,677,805,378,179,55,50,107,5,296,298,25,6,92,10,24,505,3,5,25
"209","Semarang",5907,NA,59,14,NA,40,50,505,31,933,350,1208,46,NA,96,211,174,121,389,210,NA,32,NA,157,8,192,137,29,30,510,NA,15,354,4,NA,2
"210","Temanggung",3126,4,213,16,NA,4,8,35,19,101,454,762,6,NA,43,107,NA,134,35,63,NA,7,NA,45,8,221,115,101,72,138,1,2,374,30,7,0
"211","Kendal",6652,24,172,62,34,222,17,680,109,539,197,986,74,NA,58,244,114,348,548,602,104,33,36,124,85,131,189,43,30,144,2,24,577,6,14,79
"212","Batang",7066,88,307,22,13,151,16,474,11,308,195,1070,37,NA,50,484,52,254,321,537,4,10,17,253,73,939,221,91,22,13,5,16,933,16,41,15
"213","Pekalongan",6487,85,211,70,54,112,31,601,37,328,143,1173,99,NA,50,318,104,170,451,369,32,10,9,131,68,515,143,265,24,38,NA,11,809,8,7,13
"214","Pemalang",5273,4,246,56,10,311,140,511,24,174,61,553,74,NA,13,240,131,222,397,512,11,22,10,258,75,289,98,122,19,131,7,7,461,4,6,76
"215","Tegal",4629,15,171,71,120,477,43,337,11,215,46,715,153,3,NA,178,23,216,336,365,138,14,7,146,46,231,61,30,15,32,9,36,359,4,2,5
"216","Brebes",4126,29,143,28,4,207,63,550,38,443,54,503,38,8,28,137,34,181,354,359,14,24,32,338,NA,111,98,24,18,163,3,1,80,4,11,5
"217","Kota Magelang",6258,NA,197,12,NA,224,9,305,NA,32,996,1620,55,NA,50,86,452,217,803,251,NA,43,19,3,NA,222,30,6,16,225,NA,85,264,17,NA,16
"218","Kota Surakarta",5550,11,98,46,25,87,49,560,NA,NA,437,1312,547,5,246,24,185,42,472,302,78,18,2,10,8,76,80,3,11,602,NA,60,129,16,7,3
"219","Kota Salatiga",8729,30,157,82,NA,132,20,230,98,1566,637,1084,234,1,103,91,246,453,731,590,NA,84,1,190,6,155,171,69,1,1024,8,42,452,11,NA,31
"220","Kota Semarang",11155,28,267,100,NA,217,125,840,50,562,821,1707,278,NA,103,300,867,589,1479,807,119,84,72,163,NA,247,128,19,1,457,6,106,520,42,4,49
"221","Kota Pekalongan",6325,107,298,89,16,221,77,920,63,419,59,714,120,NA,18,151,90,333,982,632,6,44,79,22,12,420,60,50,2,73,8,36,199,0,NA,7
"222","Kota Tegal",7876,20,387,212,25,1082,107,471,12,429,44,501,401,NA,NA,125,71,387,687,1011,16,156,54,326,20,561,28,14,5,138,18,91,412,17,39,10
"223","Kulon Progo",3469,89,404,62,NA,103,22,168,130,13,295,636,NA,NA,52,84,23,354,381,21,38,12,3,266,NA,76,54,3,NA,148,NA,27,2,5,NA,NA
"224","Bantul",5376,NA,415,43,3,102,34,220,55,26,728,1396,14,3,109,144,236,131,526,293,64,11,5,33,6,407,113,4,NA,196,NA,54,0,7,NA,NA
"225","Gunung Kidul",5583,71,1028,19,NA,193,356,337,50,158,461,1168,45,6,106,148,19,385,171,24,NA,30,NA,61,NA,109,56,10,NA,248,2,22,264,38,NA,0
"226","Sleman",8025,28,457,192,14,204,14,134,78,34,1532,1610,113,NA,154,155,356,270,659,378,29,40,NA,599,15,101,121,13,3,669,2,37,NA,4,5,6
"227","Kota Yogyakarta",6649,52,534,60,10,199,84,275,25,5,877,1406,276,9,218,47,294,174,795,274,NA,9,NA,126,NA,276,104,8,NA,400,NA,85,NA,16,6,5
"228","Pacitan",4346,16,634,6,4,677,193,262,NA,4,86,299,NA,NA,25,8,3,1372,167,8,NA,NA,53,5,1,145,185,11,NA,17,NA,1,121,20,NA,24
"229","Ponorogo",4077,20,1021,51,13,84,48,332,22,NA,174,893,4,NA,303,NA,110,396,149,20,NA,NA,4,13,6,198,150,12,6,7,NA,NA,31,5,NA,5
"230","Trenggalek",6571,64,1218,27,182,427,763,58,13,NA,20,606,7,NA,74,18,71,1551,141,18,NA,15,7,3,22,617,318,3,1,2,NA,NA,317,8,NA,2
"231","Tulungagung",8209,52,993,66,41,190,340,371,63,49,233,2136,20,NA,394,5,639,547,254,53,NA,10,8,63,51,672,319,21,18,73,1,44,432,33,NA,17
"232","Blitar",3814,10,273,NA,NA,0,21,101,27,97,173,1026,14,NA,267,12,114,195,99,14,NA,54,31,71,11,572,103,12,7,8,4,11,392,77,NA,20
"233","Kediri",3707,NA,152,13,1,17,36,334,13,50,75,1546,1,NA,130,37,158,70,70,27,7,29,28,19,NA,117,105,87,28,6,3,4,430,76,9,26
"234","Malang",5698,15,807,23,1,73,32,549,NA,820,85,774,26,6,58,2,121,86,573,63,NA,21,17,113,1,584,102,217,28,60,4,5,407,8,NA,14
"235","Lumajang",11390,333,852,69,44,342,405,579,67,1403,411,1537,2,NA,39,1,561,306,940,211,40,64,31,133,29,2113,339,24,4,32,2,1,380,41,17,35
"236","Jember",6665,381,960,81,4,143,96,52,61,137,258,771,6,2,4,5,340,400,339,220,8,24,121,99,24,1355,349,34,34,NA,4,27,216,94,1,14
"237","Banyuwangi",6972,135,1307,88,46,449,214,50,7,38,100,343,41,NA,22,NA,63,1281,984,367,45,111,143,283,12,370,166,17,11,8,3,24,163,33,25,22
"238","Bondowoso",6155,227,550,30,14,46,82,20,NA,34,186,460,14,NA,NA,NA,121,254,723,125,NA,2,16,31,27,2006,564,67,2,NA,10,27,347,112,4,52
"239","Situbondo",7869,268,1891,66,147,222,429,28,NA,86,25,223,150,NA,1,NA,131,1963,748,358,NA,53,11,54,6,36,654,25,9,1,NA,NA,249,20,NA,14
"240","Probolinggo",8166,611,2373,35,112,733,195,99,14,205,146,213,29,NA,2,75,81,1215,502,409,70,78,44,62,7,211,232,19,28,NA,NA,2,320,8,NA,34
"241","Pasuruan",8446,61,923,18,53,277,262,809,26,1635,100,503,65,3,47,31,122,141,970,248,58,97,259,150,17,830,144,49,33,4,7,21,372,41,9,62
"242","Sidoarjo",14188,191,671,71,25,165,106,1693,58,2822,332,1839,120,18,381,48,869,144,2233,729,102,215,403,71,8,362,137,1,14,45,3,121,129,40,4,14
"243","Mojokerto",9648,42,443,3,4,41,68,1472,77,2179,213,1377,8,5,292,31,390,153,1318,83,62,87,111,15,8,273,145,26,106,126,9,14,388,47,NA,34
"244","Jombang",6360,36,260,4,NA,1,59,750,60,873,110,1308,30,11,296,24,226,95,571,37,23,19,48,24,7,618,169,134,88,34,7,38,321,38,11,26
"245","Nganjuk",3997,1,89,NA,NA,21,64,331,64,62,207,1635,12,NA,96,19,157,122,184,15,NA,NA,8,33,NA,342,189,114,16,50,1,NA,115,39,NA,10
"246","Madiun",3955,43,249,36,1,29,49,375,NA,64,194,1326,24,NA,74,12,174,28,120,24,NA,27,7,68,78,341,305,79,39,32,1,17,124,16,NA,NA
"247","Magetan",4539,4,460,8,7,9,39,474,10,NA,233,1698,NA,NA,128,20,197,31,172,27,16,7,7,93,22,445,129,35,14,102,0,28,102,21,NA,NA
"248","Ngawi",5307,NA,60,NA,NA,16,150,370,NA,80,238,2139,6,NA,550,10,155,42,57,30,11,15,6,28,NA,195,201,142,27,703,NA,NA,71,4,NA,4
"249","Bojonegoro",5674,4,43,5,NA,8,70,618,106,285,236,1696,13,NA,228,8,157,95,235,23,NA,NA,11,137,54,381,262,23,7,34,1,11,871,6,NA,47
"250","Tuban",9763,541,528,132,64,232,81,509,137,412,190,1107,10,26,104,34,79,605,576,752,65,26,29,310,112,1070,129,339,75,19,15,12,1312,26,32,76
"251","Lamongan",11399,94,398,36,23,142,58,1914,599,2777,382,996,13,8,117,19,17,570,1171,485,33,62,122,272,12,254,151,27,13,161,26,6,419,3,10,9
"252","Gresik",14446,60,398,57,71,172,179,2773,211,2763,225,1182,59,9,244,46,482,341,2409,728,242,222,34,76,31,671,127,29,50,82,21,125,253,25,50,NA
"253","Bangkalan",9576,327,900,150,56,401,242,998,42,663,117,594,142,20,13,85,94,458,593,351,157,305,74,296,97,847,398,113,30,249,7,6,686,11,NA,56
"254","Sampang",10914,151,2080,77,403,1138,409,640,18,168,20,258,45,NA,NA,81,10,1922,312,251,43,12,49,178,33,1371,127,425,19,79,35,2,487,NA,NA,71
"255","Pamekasan",8551,449,2134,73,273,221,567,52,2,71,18,81,102,NA,NA,44,5,1209,395,535,45,28,3,73,62,1803,115,42,5,NA,NA,NA,120,NA,4,17
"256","Sumenep",14159,823,3619,462,286,850,436,545,3,313,96,114,141,488,38,72,53,1526,543,1004,120,36,227,50,NA,1656,317,12,2,1,3,NA,210,32,37,45
"257","Kota Kediri",5405,NA,239,260,6,139,16,221,17,61,463,1538,23,NA,282,7,525,47,516,39,NA,51,81,52,13,169,34,22,12,31,NA,28,466,16,NA,29
"258","Kota Blitar",6212,12,293,15,19,48,10,170,NA,160,582,1783,131,NA,499,14,318,115,650,214,NA,31,20,120,60,604,66,25,23,47,4,79,57,17,19,8
"259","Kota Malang",8594,39,607,270,12,260,55,409,31,927,341,1116,96,NA,149,32,559,331,1225,284,415,70,53,26,9,637,51,41,6,89,NA,49,331,26,1,49
"260","Kota Probolinggo",11625,277,1103,117,233,1758,185,328,3,358,122,798,134,15,9,29,439,1207,1119,979,29,158,82,209,10,1311,84,54,15,19,NA,NA,414,14,8,2
"261","Kota Pasuruan",11400,238,937,118,25,1077,143,720,11,1580,236,585,132,27,101,28,324,416,1227,1166,130,169,190,292,3,958,42,18,4,121,3,46,305,1,8,17
"262","Kota Mojokerto",10208,45,182,14,NA,40,21,1024,23,2139,58,1869,31,NA,588,50,665,161,1567,209,47,91,85,8,19,694,21,83,37,53,9,79,263,6,25,NA
"263","Kota Madiun",8342,NA,459,35,NA,166,58,664,NA,22,822,1793,61,2,395,13,884,259,1059,178,16,37,7,32,112,682,69,10,9,180,16,118,135,15,17,16
"264","Kota Surabaya",15441,148,765,322,24,206,148,1948,98,2541,262,1827,328,7,399,93,1435,170,1680,663,137,145,248,71,28,899,88,28,38,91,2,273,276,26,8,17
"265","Kota Batu",6664,71,375,12,NA,123,41,438,7,1304,124,861,43,NA,68,34,432,99,882,147,131,44,56,27,NA,568,17,NA,1,187,NA,6,510,18,NA,38
"266","Pandeglang",8172,196,1098,25,268,1455,302,231,43,57,855,529,44,NA,9,452,35,523,154,321,19,11,2,324,NA,116,224,167,67,8,1,28,486,21,20,81
"267","Lebak",11548,266,1016,72,110,959,171,799,89,265,2065,480,34,3,13,910,116,462,42,138,75,56,31,527,41,463,359,160,221,210,64,85,1043,157,14,32
"268","Tangerang",12756,139,608,115,120,1612,182,1898,106,1069,431,1134,110,62,112,1314,215,176,647,455,39,63,99,106,17,186,723,85,169,45,142,126,106,207,128,11
"269","Serang",8873,48,222,21,150,671,277,2400,106,623,266,679,31,NA,68,937,49,165,307,181,30,17,59,253,4,24,233,421,165,32,15,26,160,97,70,64
"270","Kota Tangerang",18017,329,929,250,240,2429,199,1304,160,904,1363,2294,152,NA,223,833,877,124,1445,1018,NA,100,107,120,66,115,962,71,170,24,138,209,142,181,507,30
"271","Kota Cilegon",17429,304,476,47,676,1154,845,1492,76,946,501,2079,290,5,115,1593,507,817,1831,2112,41,75,63,305,5,30,349,159,74,26,20,39,72,32,258,15
"272","Kota Serang",11578,26,350,48,59,1062,147,2268,63,935,341,1193,94,NA,93,1099,308,273,972,804,31,31,31,283,NA,7,169,313,107,63,12,97,125,27,143,5
"273","Kota Tangerang Selatan",19069,195,1351,305,343,2626,228,1285,68,831,1917,1890,273,51,433,513,1145,265,2028,851,NA,66,37,98,15,209,735,39,153,20,224,252,134,119,353,15
"274","Jembrana",9032,234,1464,89,195,533,150,NA,8,99,57,107,203,38,NA,39,132,3096,664,191,103,18,84,17,4,373,612,5,NA,NA,NA,33,427,NA,34,23
"275","Tabanan",7387,36,807,30,NA,NA,254,NA,NA,374,124,535,88,NA,NA,NA,297,344,710,23,NA,16,143,NA,82,2228,686,169,55,NA,NA,46,291,43,NA,6
"276","Badung",10184,265,1967,36,97,944,220,80,NA,551,126,497,117,122,NA,79,168,857,903,241,NA,80,58,NA,18,2146,424,27,NA,NA,NA,9,46,57,NA,49
"277","Gianyar",7620,384,432,34,19,114,189,20,13,1236,80,251,31,NA,41,NA,21,221,570,6,NA,2,69,14,25,3104,650,0,NA,44,NA,6,15,28,NA,NA
"278","Klungkung",6374,29,2571,159,3,162,102,NA,16,135,63,43,317,NA,NA,NA,NA,19,97,127,NA,NA,47,NA,154,1900,382,2,NA,NA,NA,NA,41,5,NA,NA
"279","Bangli",6690,58,271,18,NA,9,60,NA,43,2850,132,78,NA,NA,NA,NA,NA,69,163,4,NA,NA,25,NA,41,2213,608,NA,NA,NA,NA,1,45,NA,1,NA
"280","Karangasem",4925,63,1645,10,NA,6,16,NA,NA,200,1,7,10,NA,NA,NA,NA,24,109,37,NA,NA,NA,NA,6,2341,442,6,NA,NA,NA,NA,NA,NA,NA,NA
"281","Buleleng",7193,385,1425,137,229,166,634,22,NA,93,NA,29,37,49,NA,40,14,818,387,229,4,16,27,21,2,1134,710,167,30,NA,NA,NA,387,NA,NA,NA
"282","Kota Denpasar",11215,447,1712,253,95,1097,90,121,5,483,150,436,345,15,2,48,346,537,1685,612,1,20,126,109,14,2020,289,15,9,6,NA,29,39,43,2,14
"283","Lombok Barat",8999,174,1540,172,97,339,440,151,NA,831,1312,80,93,62,26,9,15,386,933,483,103,84,39,13,56,665,538,74,28,6,15,NA,162,28,29,18
"284","Lombok Tengah",8839,62,1174,71,34,160,408,142,58,446,2050,230,42,4,NA,10,4,439,534,712,62,69,118,14,32,934,559,72,3,25,4,NA,178,29,137,24
"285","Lombok Timur",14204,662,2476,304,322,372,1181,202,16,1018,1240,61,105,206,NA,26,70,969,824,1056,101,98,170,12,93,668,1327,104,21,8,2,NA,233,99,134,25
"286","Sumbawa",17671,706,1491,603,104,634,590,820,52,746,1710,212,1206,1065,22,16,59,2558,2009,1414,407,124,45,8,20,60,701,11,NA,47,2,NA,218,3,NA,7
"287","Dompu",13857,576,1817,373,1912,287,750,1784,45,169,1079,62,351,265,16,8,1,1704,1163,452,285,116,124,8,NA,8,423,51,4,5,NA,NA,15,1,5,1
"288","Bima",13957,483,1667,664,231,164,705,1522,36,493,661,21,354,339,4,81,41,3564,862,770,34,188,39,7,49,24,677,9,11,8,5,NA,162,41,25,17
"289","Sumbawa Barat",27096,1041,2444,818,814,1727,1571,211,408,3300,2474,285,1872,543,32,35,NA,2123,3078,2453,586,155,52,9,23,27,730,61,NA,NA,12,NA,88,NA,123,NA
"290","Lombok Utara",9693,408,2360,111,135,552,1221,25,NA,171,424,1,23,23,NA,NA,19,1398,589,807,11,17,53,24,62,71,789,50,4,NA,NA,13,296,NA,4,34
"291","Kota Mataram",15554,247,2515,1027,347,1612,315,143,21,315,2602,216,429,152,70,16,146,355,1780,921,241,50,19,95,61,653,716,65,100,37,8,67,65,14,93,40
"292","Kota Bima",22015,959,2819,453,506,405,1102,3142,16,124,1353,194,1700,24,NA,NA,NA,3760,2180,1687,113,19,2,80,127,105,588,46,NA,5,18,NA,385,16,66,23
"293","Sumba Barat",5536,372,617,171,34,162,114,NA,29,37,70,45,348,NA,NA,20,NA,2221,58,99,100,NA,NA,4,70,15,864,NA,NA,NA,NA,50,32,NA,4,NA
"294","Sumba Timur",12460,372,643,364,2,1062,44,28,52,680,167,101,788,1586,NA,NA,NA,5006,256,440,137,12,21,5,9,46,389,36,NA,NA,NA,36,161,NA,16,3
"295","Kupang",5900,376,2036,17,18,1057,110,88,3,35,98,16,110,123,NA,6,14,1174,101,118,54,39,67,6,1,0,182,NA,NA,NA,NA,NA,49,2,NA,1
"296","Timor Tengah Selatan",3854,167,765,11,8,633,97,6,36,63,11,18,70,NA,NA,NA,NA,1513,34,15,NA,NA,NA,NA,2,NA,364,1,NA,NA,NA,15,26,NA,NA,NA
"297","Timor Tengah Utara",6662,256,1911,6,299,915,192,234,6,14,18,20,1,NA,2,NA,6,1369,179,67,21,48,10,18,4,8,573,26,NA,NA,NA,36,388,18,4,11
"298","Belu",8934,1079,3065,121,556,1452,362,244,42,11,49,29,238,NA,NA,NA,NA,583,70,187,77,8,23,31,NA,99,407,62,NA,16,NA,93,31,NA,NA,NA
"299","Alor",11899,288,1253,62,1402,152,183,15,NA,42,97,46,1174,177,NA,NA,NA,4853,309,908,122,189,NA,9,10,24,38,25,NA,NA,NA,NA,500,NA,18,6
"300","Lembata",10101,242,960,83,2927,784,16,32,NA,6,7,10,1427,682,7,NA,19,1406,21,283,64,99,NA,5,NA,29,110,255,NA,NA,NA,NA,537,NA,56,34
"301","Flores Timur",10023,342,2489,56,2492,1440,126,20,NA,NA,NA,NA,464,899,7,24,NA,419,NA,301,13,5,NA,22,6,92,249,122,86,1,NA,NA,339,NA,11,1
"302","Sikka",8614,118,1641,21,2596,1021,160,NA,NA,NA,NA,106,112,NA,NA,NA,100,1454,34,261,5,24,NA,53,5,34,370,143,NA,NA,NA,NA,309,NA,43,4
"303","Ende",12311,1259,3309,232,1379,1675,187,98,4,13,2,3,120,39,2,NA,8,2563,43,130,5,NA,43,NA,4,40,824,7,NA,NA,NA,NA,321,NA,NA,NA
"304","Ngada",11459,777,1415,150,388,774,43,NA,NA,19,41,NA,188,218,NA,NA,NA,5363,111,455,7,22,54,72,99,114,762,61,NA,NA,NA,NA,285,NA,1,39
"305","Manggarai",8457,321,2325,10,NA,83,51,35,NA,NA,NA,NA,17,176,NA,NA,8,4165,1,31,15,27,22,14,0,151,274,37,NA,26,NA,8,627,10,NA,24
"306","Rote Ndao",13132,1918,1129,325,277,288,231,212,21,90,9,17,1356,3610,32,NA,NA,2056,236,809,36,18,10,NA,NA,25,136,7,NA,NA,NA,NA,240,7,28,9
"307","Manggarai Barat",10204,1013,1532,104,1080,870,342,NA,NA,79,NA,14,105,359,17,NA,NA,3132,104,148,56,2,34,66,19,137,330,84,NA,NA,NA,22,419,83,35,17
"308","Sumba Tengah",7642,730,626,24,13,60,83,20,370,276,286,205,549,NA,NA,NA,20,3094,70,264,140,37,4,34,18,12,553,NA,NA,11,NA,23,60,NA,NA,61
"309","Sumba Barat Daya",5785,97,547,144,132,578,154,13,6,64,NA,1,307,72,NA,NA,NA,1491,13,648,20,NA,70,NA,2,77,985,61,1,NA,NA,28,259,NA,6,9
"310","Nagekeo",9163,903,1743,NA,492,791,354,363,16,166,NA,NA,37,6,NA,36,20,2640,205,145,91,113,NA,4,2,86,754,27,NA,2,NA,NA,165,NA,NA,NA
"311","Manggarai Timur",8563,490,1810,75,76,146,302,NA,NA,25,116,NA,75,NA,NA,NA,2,3808,NA,35,24,15,124,20,NA,107,311,NA,NA,NA,NA,7,993,NA,NA,1
"312","Sabu Raijua",13145,2761,3259,57,40,223,214,NA,NA,NA,NA,NA,1427,223,NA,NA,11,3596,32,864,43,40,266,14,NA,3,14,NA,NA,NA,NA,NA,2,NA,56,NA
"313","Malaka",5891,273,1091,96,4,386,87,434,10,22,NA,26,151,NA,NA,NA,NA,2205,194,NA,82,24,NA,NA,9,13,260,4,NA,7,NA,60,447,NA,NA,5
"314","Kota Kupang",13253,1042,3492,90,139,3915,359,25,27,9,58,185,1418,27,NA,NA,NA,1260,305,320,43,30,NA,NA,15,14,324,NA,NA,NA,NA,42,98,8,8,NA
"315","Sambas",17783,534,2946,419,168,1120,56,1502,1624,12,397,413,93,7,254,625,43,3172,1265,484,11,4,266,159,20,47,1208,65,405,13,53,72,269,18,7,29
"316","Bengkayang",16025,267,2798,268,60,1500,92,159,1837,120,711,602,196,NA,344,249,NA,3005,1043,400,NA,16,85,108,9,52,1085,30,315,5,36,145,458,19,3,11
"317","Landak",15573,237,1746,22,11,941,39,102,1576,186,2400,778,31,NA,564,113,35,2923,232,318,NA,89,132,316,30,64,1308,27,231,34,104,146,633,91,NA,117
"318","Mempawah",16455,75,2696,329,209,2486,120,116,1313,42,1292,100,54,NA,135,393,33,2477,1963,577,81,89,24,255,4,57,603,18,189,12,71,75,493,33,NA,36
"319","Sanggau",18832,39,925,235,8,453,88,87,2257,269,3152,1978,25,12,546,111,208,3950,785,322,22,25,4,269,12,20,1225,27,181,4,348,219,816,143,24,44
"320","Ketapang",23104,25,1068,310,194,2905,190,2857,2739,46,854,679,98,33,318,857,65,5309,1595,333,49,21,239,173,25,1,975,20,35,22,293,211,545,20,NA,2
"321","Sintang",18939,8,620,NA,NA,260,129,54,1680,143,3049,2918,45,NA,840,717,NA,5378,122,214,32,6,233,99,26,56,929,3,142,NA,201,246,702,20,NA,69
"322","Kapuas Hulu",15570,23,294,9,NA,53,53,285,1642,188,1097,849,NA,NA,597,267,40,6713,130,243,NA,NA,12,48,1,12,397,NA,87,43,276,128,1936,83,3,59
"323","Sekadau",19588,68,308,NA,28,406,97,311,2012,136,2769,2486,4,62,2968,1175,230,3264,229,30,15,114,30,218,10,19,886,60,240,20,173,144,825,65,NA,185
"324","Melawi",15567,49,469,26,NA,303,47,122,810,6,2660,1614,6,22,1157,851,70,3636,498,53,13,15,15,50,NA,9,1029,156,219,7,108,452,1030,37,14,12
"325","Kayong Utara",19932,187,1623,729,113,3072,101,588,579,11,552,98,87,18,145,826,13,5203,2438,695,144,185,24,128,38,35,861,22,11,NA,106,97,1035,130,6,30
"326","Kubu Raya",13914,175,1922,296,21,2163,197,198,524,36,903,255,183,41,213,125,19,2431,1606,363,24,12,149,113,4,6,654,69,172,4,77,75,730,135,2,18
"327","Kota Pontianak",20059,151,2714,1533,147,2834,21,84,278,7,2335,588,337,16,369,665,48,986,3028,1556,189,40,135,188,12,16,732,13,211,29,71,122,324,213,23,47
"328","Kota Singkawang",23060,648,4454,1338,443,2261,305,264,802,38,682,515,166,NA,98,787,39,2788,3152,1274,9,57,128,280,29,90,1263,28,289,0,94,130,446,86,1,73
"329","Kotawaringin Barat",18506,9,607,59,88,1164,31,1132,2296,41,2397,715,378,20,1034,653,60,2870,2212,405,118,34,177,174,14,48,173,54,88,21,151,242,863,95,3,80
"330","Kotawaringin Timur",18289,NA,1247,34,1231,481,15,1039,2100,74,2318,342,192,NA,2213,1336,193,1771,1068,297,77,94,269,83,368,138,57,54,121,4,119,227,626,56,10,36
"331","Kapuas",16483,NA,340,42,265,591,6,339,2835,NA,2333,251,NA,10,2615,351,NA,3332,476,4,NA,NA,48,30,52,135,41,69,933,NA,140,49,1131,2,NA,61
"332","Barito Selatan",20860,NA,176,NA,121,260,140,147,3387,128,2545,528,48,14,4321,391,70,5102,323,20,9,NA,8,75,5,236,71,31,407,35,405,413,1279,9,88,68
"333","Barito Utara",16661,38,313,10,174,379,48,296,931,42,3237,393,6,121,3613,365,25,2416,409,120,NA,4,119,226,134,143,114,99,810,42,122,250,1480,25,NA,157
"334","Sukamara",24515,46,562,130,5,1517,67,2059,3456,11,2528,1051,334,74,1017,807,81,4650,2160,856,314,113,231,390,31,20,122,199,126,83,604,220,595,32,NA,25
"335","Lamandau",28077,9,642,72,12,771,277,1680,3150,39,5157,866,74,17,3300,1482,166,6161,1125,284,NA,NA,NA,378,12,63,181,51,116,10,520,250,1094,77,3,36
"336","Seruyan",21749,NA,755,NA,118,558,74,637,2719,162,1690,477,74,NA,2416,1317,370,5406,1697,184,87,NA,293,83,2,80,150,2,142,8,428,693,966,34,NA,128
"337","Katingan",24264,62,340,20,169,136,77,210,3912,108,4156,634,89,57,5529,1238,56,4107,858,5,8,5,63,2,19,229,106,2,153,2,453,517,850,9,NA,83
"338","Pulang Pisau",20541,5,447,52,62,144,139,692,4025,111,2706,741,14,NA,2770,540,32,4181,688,46,NA,3,97,153,235,94,76,85,765,66,568,252,701,38,NA,13
"339","Gunung Mas",22827,NA,42,NA,7,107,3,69,1749,18,6301,1004,12,14,5116,1442,65,4604,210,26,147,38,83,28,15,58,33,26,179,NA,102,461,868,NA,NA,NA
"340","Barito Timur",18279,NA,275,NA,265,25,10,82,2582,199,3338,1284,50,33,3048,214,151,3504,354,120,NA,5,61,5,10,418,25,44,475,NA,84,367,1211,11,NA,32
"341","Murung Raya",15004,NA,79,NA,32,NA,13,185,678,25,3648,282,NA,255,4612,635,63,2065,268,130,NA,19,11,217,59,103,19,51,416,4,104,442,567,5,9,9
"342","Kota Palangka Raya",23131,NA,987,130,202,945,34,293,1723,16,5744,903,NA,16,4335,272,163,3159,1413,577,117,11,74,52,98,28,166,57,516,NA,118,202,689,16,19,55
"343","Tanah Laut",18989,63,976,171,460,1949,46,388,3001,144,2710,534,184,NA,1200,317,7,3318,1316,348,19,9,175,35,343,257,24,69,344,NA,123,60,353,23,NA,21
"344","Kota Baru",21450,232,1355,451,295,3496,185,1574,1448,129,1192,383,1472,163,526,522,28,2020,1974,1225,818,137,288,144,152,200,139,69,94,16,NA,176,496,23,23,6
"345","Banjar",17295,53,322,10,102,929,2,71,3129,75,3452,146,17,NA,1177,172,94,4221,639,113,16,6,525,51,407,124,11,22,688,NA,125,155,427,6,NA,10
"346","Barito Kuala",18889,22,590,11,124,1384,13,218,5188,39,1659,67,35,11,1959,193,13,4150,1085,72,3,9,128,59,264,198,38,47,708,20,151,81,271,37,8,33
"347","Tapin",21942,25,759,NA,72,583,38,138,4789,424,3798,282,34,15,1568,109,56,4878,864,424,77,NA,182,99,441,201,9,24,1193,17,275,246,294,21,1,5
"348","Hulu Sungai Selatan",18154,NA,402,NA,118,1528,13,163,3832,40,2261,45,NA,9,643,23,NA,6087,262,46,NA,NA,233,133,165,88,NA,42,1356,4,165,216,240,12,NA,26
"349","Hulu Sungai Tengah",17640,4,22,13,285,1598,9,39,3109,66,2863,122,4,7,1360,126,65,4395,596,61,16,12,NA,25,564,224,9,46,1218,4,112,488,169,7,3,NA
"350","Hulu Sungai Utara",13610,26,66,20,82,278,NA,10,1905,6,2054,74,NA,NA,664,53,12,6197,385,63,NA,NA,6,7,117,182,7,36,708,14,51,143,437,5,NA,3
"351","Tabalong",18261,79,734,3,328,938,44,179,2221,84,4486,337,19,0,1500,60,21,3387,799,190,8,11,55,81,96,304,38,46,1328,42,196,119,451,37,22,20
"352","Tanah Bumbu",16717,51,1489,109,259,2380,75,853,2049,250,1866,519,160,40,590,268,28,2407,872,668,208,9,77,44,103,52,124,42,253,9,56,70,691,30,7,7
"353","Balangan",16284,16,209,20,341,1164,NA,129,1807,48,4349,162,9,50,1663,329,55,2881,348,260,NA,10,28,77,148,173,NA,6,1314,5,54,230,394,0,NA,5
"354","Kota Banjarmasin",18581,13,1156,78,198,1736,5,250,2551,114,3497,392,138,8,1976,332,100,1377,1292,750,24,34,747,83,520,18,58,27,506,11,59,207,253,30,19,23
"355","Kota Banjar Baru",19251,NA,1082,11,170,1809,50,155,2002,9,4920,573,28,7,1672,350,95,2031,1458,646,35,16,139,77,492,126,78,22,493,9,70,113,461,35,7,13
"356","Paser",20301,69,1894,80,814,1186,174,2701,855,101,2682,844,912,103,915,568,67,1917,1752,692,386,181,136,27,23,128,55,60,184,44,70,47,546,13,NA,79
"357","Kutai Barat",21772,60,1566,NA,5,371,107,904,1828,82,4555,692,7,85,2100,218,273,6384,559,156,78,NA,15,89,1,20,NA,19,151,1,235,87,978,21,NA,124
"358","Kutai Kartanegara",17837,95,2204,60,169,780,211,1109,1379,225,2560,1026,395,140,1305,204,150,2924,980,323,229,90,104,49,NA,56,68,12,67,14,108,73,659,14,13,41
"359","Kutai Timur",21153,769,3002,46,142,898,277,1912,1158,53,2108,566,730,114,866,523,109,3431,1408,786,178,57,70,228,NA,150,499,5,116,55,168,224,496,7,NA,2
"360","Berau",21227,176,1861,130,135,1943,325,1605,386,324,723,438,1266,162,313,498,50,4988,3161,764,482,39,221,40,6,79,147,9,17,4,6,223,594,90,NA,22
"361","Penajam Paser Utara",16906,51,1688,106,822,1558,201,2637,599,214,492,558,187,265,121,425,56,3271,1657,490,220,56,142,16,NA,26,137,118,39,18,74,10,593,5,NA,54
"362","Mahakam Ulu",24893,91,243,NA,46,110,94,423,984,155,5465,606,15,757,6888,170,311,6233,403,14,23,104,14,NA,1,NA,16,16,99,4,253,654,682,2,NA,15
"363","Kota Balikpapan",23368,523,2789,275,819,2277,332,1393,66,111,2192,1053,1528,50,267,400,74,4019,2529,1141,617,102,44,49,13,53,96,25,90,6,11,54,343,17,9,0
"364","Kota Samarinda",15648,226,1517,55,196,1154,242,807,442,81,3256,879,220,62,922,189,18,2958,1303,304,79,41,12,49,81,7,79,29,78,NA,42,114,176,15,NA,15
"365","Kota Bontang",23672,195,2930,83,121,2113,552,1734,60,175,1006,482,997,1282,193,97,168,6890,2170,1094,440,126,NA,93,NA,21,146,5,12,0,4,55,390,15,19,2
"366","Malinau",19431,289,732,NA,21,846,58,3630,443,660,586,845,342,95,1939,188,75,5991,1147,62,405,73,41,NA,NA,22,152,45,NA,18,NA,205,418,58,22,22
"367","Bulungan",22724,305,1152,1,7,908,44,4495,298,907,381,397,1158,24,1459,75,NA,4654,3621,365,269,207,146,52,3,33,93,2,NA,30,23,189,1114,290,NA,24
"368","Tana Tidung",27525,130,305,10,NA,431,166,6508,283,931,228,843,2274,13,168,375,16,5094,6629,412,271,165,453,4,2,9,69,5,NA,6,1,88,1120,388,NA,130
"369","Nunukan",19300,91,1530,38,NA,915,114,5652,1207,550,146,264,533,195,155,129,183,4517,851,442,153,197,168,14,NA,28,324,NA,18,44,NA,57,698,22,NA,65
"370","Kota Tarakan",26587,41,1806,23,17,825,227,5181,38,1692,83,68,2694,15,27,1082,42,4963,4787,445,895,403,163,16,NA,9,106,NA,NA,35,2,101,638,143,7,13
"371","Bolaang Mongondow",13919,1095,5891,210,1099,776,273,49,63,1438,178,18,198,75,NA,16,NA,347,170,164,NA,NA,35,NA,56,1157,315,44,NA,11,5,114,101,NA,23,NA
"372","Minahasa",16018,2412,5460,203,1214,509,80,16,85,2539,20,NA,39,67,NA,3,6,256,52,177,5,NA,NA,37,70,1872,495,91,NA,NA,NA,119,173,2,NA,17
"373","Kepulauan Sangihe",17277,969,6325,71,3904,2831,21,8,NA,84,107,NA,783,121,13,48,74,1193,52,92,NA,NA,NA,119,22,306,NA,57,NA,NA,NA,65,11,NA,NA,NA
"374","Kepulauan Talaud",20425,1338,8624,164,1903,2297,32,10,93,315,68,49,2454,690,7,11,42,862,542,87,142,154,54,41,NA,120,84,17,NA,NA,8,167,52,NA,NA,NA
"375","Minahasa Selatan",16275,1268,7736,220,851,260,147,67,27,1928,45,NA,218,79,NA,20,35,1092,79,143,0,NA,0,2,26,1224,648,23,NA,5,NA,12,115,NA,NA,3
"376","Minahasa Utara",17545,1191,6162,395,2282,1277,113,52,42,2605,92,NA,491,128,NA,NA,NA,1058,65,200,5,40,NA,54,NA,713,139,64,NA,NA,NA,138,208,NA,NA,29
"377","Bolaang Mongondow Utara",17619,2303,6106,250,2003,510,515,23,117,882,81,23,1108,399,NA,4,25,1093,405,276,275,89,102,NA,14,369,474,41,NA,NA,NA,20,100,NA,11,NA
"378","Siau Tagulandang Biaro",12924,150,5025,273,2649,317,9,NA,13,189,31,NA,1270,NA,NA,NA,4,2531,68,216,NA,NA,NA,NA,12,106,6,NA,NA,NA,9,12,27,NA,NA,7
"379","Minahasa Tenggara",17807,637,8071,451,1587,1553,170,NA,123,2169,147,8,206,170,NA,NA,69,572,62,32,15,47,NA,NA,13,1341,191,28,NA,NA,NA,25,104,NA,NA,15
"380","Bolaang Mongondow Selatan",12249,877,5809,154,1952,503,72,16,34,43,NA,NA,919,188,NA,NA,NA,306,78,1020,29,NA,NA,NA,2,78,151,NA,NA,15,NA,NA,NA,NA,NA,NA
"381","Bolaang Mongondow Timur",16026,1075,5444,192,1076,1849,641,105,14,1465,124,52,276,379,NA,9,46,775,489,285,38,NA,NA,10,16,1058,386,48,NA,12,NA,114,39,7,4,NA
"382","Kota Manado",19966,772,8780,155,1929,966,266,113,147,2758,149,27,402,76,7,4,13,1837,312,552,NA,NA,7,9,NA,322,104,14,NA,11,NA,148,66,NA,NA,21
"383","Kota Bitung",17108,441,5859,213,4358,954,143,11,60,1505,70,NA,241,41,NA,36,46,1759,84,625,NA,NA,NA,25,NA,285,76,18,18,NA,NA,47,162,NA,30,3
"384","Kota Tomohon",18394,990,6195,621,3013,639,92,2,44,1609,66,NA,238,10,NA,NA,NA,1001,73,106,NA,43,NA,28,72,2039,892,171,15,4,NA,58,345,NA,NA,27
"385","Kota Kotamobagu",12123,303,2714,51,1858,1306,309,14,NA,800,437,NA,174,56,9,NA,33,110,497,201,NA,NA,13,NA,12,2738,311,51,15,NA,6,35,50,NA,15,5
"386","Banggai Kepulauan",14041,929,4419,24,1508,1743,117,NA,18,10,NA,18,822,636,23,NA,8,2897,66,333,156,21,16,14,3,157,13,28,NA,NA,NA,NA,46,NA,10,5
"387","Banggai",11740,705,5319,38,1313,842,236,107,4,280,13,32,432,131,15,11,32,1509,69,200,20,NA,11,5,NA,114,171,41,1,NA,NA,9,56,9,8,5
"388","Morowali",23114,1055,6859,88,1257,2487,580,1202,117,149,16,103,2549,736,31,NA,24,2033,1314,950,483,31,55,47,10,358,315,83,2,2,NA,NA,45,86,46,NA
"389","Poso",14447,488,3164,95,3893,1149,114,507,246,1554,166,323,40,12,NA,NA,58,595,300,443,5,NA,2,7,20,89,707,83,7,42,3,57,259,4,15,NA
"390","Donggala",11682,845,3449,75,2133,516,217,416,73,110,31,11,499,170,NA,NA,15,1319,306,389,89,5,NA,9,27,89,448,92,14,15,5,28,268,12,NA,8
"391","Toli-Toli",11773,390,2407,72,1890,1216,242,260,90,62,31,12,330,297,NA,NA,2,3014,534,300,30,63,50,19,11,52,177,53,NA,9,8,18,131,NA,NA,2
"392","Buol",11288,261,2104,181,2861,473,130,201,276,209,123,1,257,103,NA,NA,7,2945,189,262,14,8,3,9,15,35,300,61,4,NA,NA,51,197,NA,NA,8
"393","Parigi Moutong",11828,488,2318,52,3262,950,487,644,17,199,29,52,432,413,NA,8,6,274,504,828,89,23,46,12,7,34,517,50,2,4,NA,7,67,5,NA,3
"394","Tojo Una-Una",12173,752,3637,36,3928,370,159,35,15,32,17,NA,409,1080,1,NA,NA,424,200,338,52,3,2,23,18,14,206,88,35,13,NA,13,249,NA,8,15
"395","Sigi",9964,1057,2014,125,953,310,270,1197,108,1133,215,67,24,NA,NA,NA,5,422,183,371,NA,6,11,35,14,62,751,79,23,NA,NA,203,215,73,NA,39
"396","Banggai Laut",13277,679,3084,216,1093,2139,123,19,NA,NA,NA,10,407,511,NA,NA,20,3288,76,865,259,7,4,3,NA,74,NA,10,NA,10,NA,NA,340,NA,NA,40
"397","Morowali Utara",18272,1908,2435,51,399,3676,696,1741,1296,1380,141,288,134,227,24,116,30,1734,283,428,39,64,40,149,5,102,527,33,NA,78,38,9,203,NA,NA,NA
"398","Kota Palu",13299,1458,2172,67,3590,584,375,908,30,380,88,34,364,228,NA,NA,18,827,721,755,9,4,NA,24,13,95,347,24,NA,4,NA,15,160,7,NA,NA
"399","Kepulauan Selayar",13551,146,2327,43,416,837,515,228,6,5,9,31,2364,1664,5,49,NA,2970,622,462,102,25,21,NA,NA,25,58,3,3,NA,3,NA,580,19,15,2
"400","Bulukumba",15213,208,2156,244,1423,1306,699,2166,69,292,56,128,338,209,NA,NA,8,2492,1214,851,250,75,37,63,18,347,420,43,NA,13,7,12,47,9,12,NA
"401","Bantaeng",14659,135,636,31,927,2187,768,2698,NA,106,7,11,491,188,1,NA,17,3687,1010,336,57,80,14,8,13,15,761,121,NA,80,NA,33,244,NA,NA,NA
"402","Jeneponto",12541,334,1259,124,375,1108,884,2847,22,228,44,4,314,400,9,299,11,2087,998,197,77,16,39,3,NA,73,426,45,4,233,NA,23,42,NA,NA,17
"403","Takalar",13315,367,603,31,719,529,851,2866,44,311,333,14,497,452,NA,57,10,2803,1139,307,296,43,26,2,4,9,524,147,28,NA,NA,11,277,4,NA,11
"404","Gowa",14141,140,1650,105,265,1294,1236,3710,101,209,684,36,168,172,28,9,32,1898,760,241,53,27,180,2,33,137,439,43,11,102,NA,35,325,1,6,11
"405","Sinjai",16002,484,2626,160,1079,1352,1514,1420,6,213,41,77,209,241,NA,NA,15,2850,1097,679,393,168,NA,3,6,77,836,145,21,6,0,4,269,11,NA,NA
"406","Maros",15890,509,1487,39,152,1269,1260,4815,62,1001,491,69,32,345,NA,7,17,1104,1589,228,40,33,36,11,23,228,474,25,8,85,NA,13,408,20,NA,10
"407","Pangkajene dan Kepulauan",16869,281,1017,28,271,1502,1169,4447,157,1165,693,18,156,286,18,12,21,1698,1627,507,355,76,229,36,15,92,281,46,14,193,5,6,406,10,3,28
"408","Barru",14755,171,1970,43,303,2345,1030,2554,99,353,64,11,40,333,2,NA,70,2625,1018,444,256,45,51,7,17,74,669,5,NA,67,9,NA,79,NA,NA,3
"409","Bone",12986,43,2309,22,201,1192,750,1913,40,393,162,30,268,353,36,59,13,2140,1220,383,156,10,11,10,3,547,362,30,43,63,27,14,153,23,2,3
"410","Soppeng",13072,38,1719,38,57,121,105,3019,788,1873,359,2,226,NA,45,25,10,1848,1132,134,124,NA,NA,4,12,159,224,41,114,36,15,7,655,137,1,3
"411","Wajo",16868,93,1570,6,47,422,136,4016,477,3238,179,109,239,111,59,NA,NA,2304,1670,348,540,47,4,16,5,136,385,1,36,120,70,13,384,82,NA,6
"412","Sidenreng Rappang",17140,159,2193,30,312,228,403,4051,523,444,2360,113,58,94,56,NA,10,1891,1908,383,84,NA,118,NA,43,346,538,55,124,55,36,39,391,81,14,3
"413","Pinrang",14835,119,2130,35,31,692,576,3281,262,685,919,NA,99,62,NA,22,56,1972,1633,231,84,49,151,NA,57,297,610,NA,6,229,19,8,418,69,5,29
"414","Enrekang",12263,1078,1038,36,328,86,179,3303,32,97,657,16,48,NA,NA,NA,38,2651,548,117,NA,NA,NA,8,NA,127,824,88,NA,73,5,56,711,3,NA,115
"415","Luwu",13874,136,2630,71,93,583,1081,2816,318,762,518,108,243,199,NA,17,NA,1607,808,158,56,26,280,NA,4,47,820,24,8,163,66,43,159,3,25,3
"416","Tana Toraja",13184,173,599,22,35,68,522,3767,153,658,2069,683,55,10,8,NA,13,1544,408,62,NA,31,10,39,16,11,1904,8,NA,NA,6,132,155,13,NA,10
"417","Luwu Utara",14146,148,2426,56,160,1141,612,3261,674,1665,404,183,8,43,NA,NA,10,1246,939,55,24,115,84,8,6,12,545,14,9,35,25,108,128,3,NA,NA
"418","Luwu Timur",17016,258,3136,62,24,420,966,3233,442,976,887,113,356,330,NA,8,12,1897,1770,368,163,11,244,4,12,71,700,2,8,88,19,82,313,6,NA,33
"419","Toraja Utara",14584,448,539,1,74,326,535,4045,128,545,2159,1203,246,114,44,NA,11,2078,231,10,NA,55,13,24,NA,24,1518,15,NA,95,NA,36,56,4,NA,7
"420","Kota Makasar",19932,852,2507,243,737,1736,1476,3613,60,492,384,104,785,717,44,42,176,1879,2043,701,256,70,93,20,2,66,407,36,21,45,4,130,177,8,NA,7
"421","Kota Parepare",18022,431,3437,123,130,965,579,2436,40,164,813,3,670,665,NA,NA,4,3423,2130,483,11,1,21,17,NA,575,392,NA,9,82,NA,90,305,21,NA,3
"422","Kota Palopo",16804,214,2008,84,1487,1427,1744,3025,34,335,245,NA,320,424,NA,NA,NA,2425,1633,233,367,45,35,NA,NA,12,491,1,NA,85,12,5,103,12,NA,NA
"423","Buton",13398,904,2828,356,3829,772,55,2,NA,NA,NA,14,503,638,53,12,NA,2423,119,708,60,8,NA,NA,NA,3,24,51,1,NA,NA,NA,23,NA,10,NA
"424","Muna",13122,739,1400,103,796,3241,387,291,15,55,9,34,269,286,10,10,NA,3904,584,378,88,NA,NA,34,NA,25,57,9,3,10,NA,NA,370,3,NA,13
"425","Konawe",13725,534,3394,23,124,838,373,1293,913,1407,231,134,95,214,17,12,38,1771,526,400,55,103,NA,7,20,153,398,37,19,16,93,17,380,6,13,73
"426","Kolaka",17351,627,3387,82,616,2234,1287,2590,116,439,68,118,520,337,NA,NA,75,2118,1190,373,86,11,84,40,11,27,724,91,NA,2,NA,20,58,3,14,0
"427","Konawe Selatan",14284,660,3637,38,84,2612,455,1010,301,287,34,112,215,104,NA,NA,89,2405,368,616,163,31,65,71,22,129,298,60,10,10,NA,38,331,9,NA,22
"428","Bombana",14733,553,2133,42,863,1448,344,1510,81,143,28,6,1957,924,64,113,NA,2267,945,335,173,9,107,5,9,60,131,108,15,11,9,21,307,NA,NA,12
"429","Wakatobi",18656,1561,4796,233,1057,894,70,14,1,NA,NA,32,1920,3301,75,19,NA,3446,201,627,157,142,29,5,NA,NA,NA,NA,NA,NA,NA,NA,74,NA,2,NA
"430","Kolaka Utara",17576,530,3758,32,974,897,722,3386,132,520,126,29,435,344,NA,NA,10,2214,1622,508,81,112,34,6,27,17,558,69,7,119,3,41,206,57,NA,NA
"431","Buton Utara",15891,323,2724,140,3475,363,179,53,NA,10,72,NA,1415,788,20,125,10,2983,616,703,1204,69,NA,9,NA,292,35,7,NA,3,NA,NA,262,9,NA,1
"432","Konawe Utara",19544,849,2883,106,519,3336,649,1647,820,1136,156,12,624,544,51,90,NA,2003,784,801,243,304,63,108,16,120,242,124,19,40,131,22,986,5,42,68
"433","Kolaka Timur",15819,412,2933,233,150,872,452,2122,1404,1312,188,595,9,NA,NA,11,9,2775,504,298,20,37,NA,73,44,52,691,166,4,NA,3,65,365,16,NA,6
"434","Konawe Kepulauan",14451,1018,3782,188,1115,1830,242,22,7,1,NA,26,680,684,NA,13,33,3265,123,1025,196,37,13,4,NA,8,19,15,NA,NA,NA,NA,105,NA,NA,NA
"435","Muna Barat",12598,358,1789,142,222,4159,235,337,NA,166,10,11,180,267,18,61,44,2987,235,193,180,52,25,18,74,13,114,42,31,11,4,NA,603,4,7,5
"436","Buton Tengah",12298,826,1526,148,1835,1641,290,218,6,4,NA,43,1203,1314,NA,21,3,2294,566,182,135,0,NA,1,4,NA,20,3,NA,NA,NA,1,13,NA,NA,1
"437","Buton Selatan",11927,495,3643,145,2640,636,325,17,NA,NA,NA,24,414,679,NA,NA,NA,1768,225,650,31,71,25,19,NA,32,9,21,NA,NA,NA,NA,36,5,18,NA
"438","Kota Kendari",20606,1048,3808,47,1278,4257,699,1084,47,147,53,38,725,980,NA,63,37,3710,1238,596,180,14,NA,80,6,44,182,38,NA,18,NA,16,153,7,NA,10
"439","Kota Baubau",15743,424,2766,141,2105,1168,675,148,87,NA,NA,8,1382,862,NA,NA,8,4289,230,864,200,29,13,6,NA,NA,101,NA,4,NA,3,9,220,NA,2,NA
"440","Boalemo",14023,866,4263,61,1456,223,1026,213,25,471,276,117,674,866,NA,NA,NA,1158,309,963,21,23,9,NA,NA,275,625,3,NA,NA,NA,20,62,NA,18,NA
"441","Gorontalo",16802,639,4174,29,2184,172,176,144,109,1704,666,55,91,33,0,NA,7,3120,344,683,11,NA,5,7,NA,622,1047,21,NA,NA,NA,136,613,2,NA,7
"442","Pohuwato",15210,683,3738,34,1324,715,901,985,133,588,234,117,581,686,22,NA,17,2209,931,469,227,45,NA,NA,3,42,323,6,NA,43,NA,59,55,6,35,NA
"443","Bone Bolango",17692,756,5189,40,4310,206,108,35,50,827,600,10,102,12,NA,NA,16,2488,387,1179,23,NA,22,2,NA,81,632,4,NA,NA,NA,116,487,NA,NA,8
"444","Gorontalo Utara",15885,1448,4810,27,1886,787,485,132,NA,221,180,6,257,514,NA,NA,NA,2434,949,356,50,13,6,NA,NA,470,693,45,NA,NA,NA,109,8,NA,NA,NA
"445","Kota Gorontalo",19629,1197,6135,40,3475,1009,82,6,143,1298,488,50,51,3,NA,NA,NA,2775,692,1022,NA,NA,5,NA,NA,185,138,17,NA,NA,NA,93,682,NA,17,26
"446","Majene",14792,650,4901,227,3215,865,263,131,27,8,NA,7,560,89,NA,NA,NA,2219,378,312,8,6,29,NA,18,131,227,51,NA,3,NA,8,451,NA,NA,7
"447","Polewali Mandar",12368,200,2886,96,615,827,529,1861,49,173,431,36,90,129,NA,20,38,1829,583,128,36,38,35,22,7,557,476,79,30,117,NA,30,414,4,NA,4
"448","Mamasa",10940,25,1449,66,116,65,250,3628,68,246,649,70,NA,54,NA,NA,NA,357,26,NA,NA,18,35,78,6,44,2467,21,12,72,NA,2,1051,NA,NA,64
"449","Mamuju",13558,336,5036,65,67,361,390,2224,430,452,451,42,315,267,NA,16,NA,652,938,217,37,19,26,4,23,384,449,20,3,71,4,25,202,10,NA,22
"450","Mamuju Utara",17382,1571,3735,133,1122,660,251,2788,579,592,231,172,749,210,NA,5,15,925,1471,400,132,98,39,7,2,472,475,47,NA,67,39,17,366,1,NA,12
"451","Mamuju Tengah",13849,724,3468,149,241,643,191,2454,657,435,210,138,314,249,4,NA,33,1257,843,507,27,9,74,12,24,186,422,NA,2,61,51,31,371,1,15,48
"452","Maluku Tenggara Barat",17417,1794,2199,732,798,1830,204,271,33,18,NA,159,4143,2622,38,32,4,1591,270,503,38,57,38,3,NA,26,NA,NA,NA,NA,NA,NA,10,NA,7,NA
"453","Maluku Tenggara",15736,404,786,24,184,1128,300,7,29,NA,NA,NA,3363,1079,NA,NA,NA,7607,9,673,45,48,5,NA,NA,NA,13,NA,NA,NA,NA,3,30,NA,1,NA
"454","Maluku Tengah",15402,386,4195,17,1418,1155,3,23,2,NA,NA,NA,532,85,26,NA,27,6635,83,484,NA,7,NA,16,NA,182,20,17,NA,NA,27,36,28,NA,NA,NA
"455","Buru",14647,474,4687,101,744,1885,304,14,181,436,81,30,616,100,NA,50,28,3825,98,365,16,8,19,NA,NA,188,126,19,NA,5,NA,5,244,NA,NA,NA
"456","Kepulauan Aru",15411,512,1598,191,NA,3035,142,NA,NA,NA,NA,NA,635,231,NA,NA,NA,6898,761,421,191,72,2,10,NA,NA,13,NA,NA,NA,NA,12,689,NA,NA,NA
"457","Seram Bagian Barat",14485,972,2334,137,1777,1721,254,5,20,NA,NA,NA,100,424,NA,13,52,5739,35,365,31,33,NA,3,NA,232,16,49,NA,NA,NA,NA,154,NA,15,3
"458","Seram Bagian Timur",11901,211,3463,124,677,2124,18,36,NA,NA,NA,NA,1416,472,41,NA,NA,2579,119,328,45,33,NA,NA,20,14,29,17,NA,NA,NA,NA,123,NA,14,NA
"459","Maluku Barat Daya",16894,1868,1020,20,64,322,NA,NA,NA,NA,NA,NA,3390,815,NA,NA,NA,6840,118,1756,44,11,271,NA,NA,NA,NA,NA,NA,NA,NA,72,213,9,59,1
"460","Buru Selatan",12948,769,2443,32,980,909,NA,10,9,NA,20,73,1916,201,15,NA,36,4290,16,306,75,29,14,6,31,505,19,93,NA,NA,NA,6,133,NA,3,10
"461","Kota Ambon",17989,284,3835,113,1522,812,274,NA,NA,NA,NA,3,193,174,NA,6,31,9139,289,265,34,16,16,NA,7,738,NA,5,NA,NA,NA,27,200,5,NA,NA
"462","Kota Tual",14608,711,1226,NA,419,869,972,29,NA,25,NA,11,2815,1280,NA,NA,5,5686,109,326,24,61,NA,NA,NA,NA,2,NA,NA,NA,NA,NA,37,NA,NA,1
"463","Halmahera Barat",17702,2584,7378,23,725,1634,402,NA,36,321,5,25,519,42,NA,68,70,1719,94,174,75,19,24,84,6,772,738,12,NA,NA,NA,38,115,NA,NA,NA
"464","Halmahera Tengah",16293,1694,5305,142,1604,1823,76,177,18,82,180,153,1014,419,36,21,14,2476,91,95,1,40,25,13,7,493,99,23,NA,NA,NA,45,120,5,NA,NA
"465","Kepulauan Sula",11247,432,4515,46,604,1758,230,NA,NA,NA,NA,NA,1426,143,NA,NA,NA,1488,222,270,14,NA,6,7,NA,42,20,6,NA,NA,NA,NA,19,NA,NA,NA
"466","Halmahera Selatan",15824,773,5181,120,1687,1146,236,NA,57,12,NA,NA,2875,215,NA,NA,NA,2424,121,218,22,4,NA,48,15,287,205,4,NA,NA,38,NA,135,NA,NA,NA
"467","Halmahera Utara",19989,2174,6918,206,836,1594,845,NA,87,517,500,NA,1311,233,NA,NA,136,2088,309,525,149,90,13,18,NA,621,695,2,NA,NA,NA,35,78,11,NA,NA
"468","Halmahera Timur",17232,1146,5499,48,191,3390,699,NA,68,61,131,49,720,428,NA,NA,91,2053,460,729,205,145,8,43,NA,288,560,87,NA,NA,NA,46,48,2,39,NA
"469","Pulau Morotai",16177,1961,7900,71,93,213,164,79,14,NA,NA,75,1626,355,NA,NA,55,2061,198,209,76,29,3,10,13,266,192,12,NA,NA,NA,62,440,NA,NA,NA
"470","Pulau Taliabu",10997,949,3913,131,195,1219,210,NA,67,35,NA,NA,2040,1495,NA,NA,7,357,17,66,153,17,NA,4,38,7,12,12,NA,NA,NA,NA,52,NA,NA,NA
"471","Kota Ternate",19865,2324,7844,100,2180,1588,343,22,NA,116,65,NA,261,91,NA,NA,64,2556,278,324,11,2,0,NA,6,901,550,NA,NA,NA,NA,4,222,NA,13,NA
"472","Kota Tidore Kepulauan",22379,2462,7934,529,1889,1307,183,56,NA,83,NA,NA,238,35,12,NA,NA,4277,190,363,NA,12,NA,36,50,1417,667,8,NA,NA,NA,38,545,39,12,NA
"473","Fakfak",22129,1140,4470,437,1291,3796,1036,22,1,42,157,173,3874,893,35,1107,98,1112,833,448,222,97,33,1,242,216,122,32,NA,0,NA,64,109,NA,NA,26
"474","Kaimana",18831,1580,2912,428,72,2930,319,11,29,75,10,129,3735,46,16,13,59,3291,1197,868,555,225,6,17,91,3,27,15,NA,NA,NA,49,124,NA,NA,NA
"475","Teluk Wondama",26788,1595,3484,559,1257,3166,560,84,361,256,NA,1047,4152,655,2,639,32,2415,1432,1170,1114,936,319,48,12,110,21,18,NA,NA,NA,473,869,NA,NA,NA
"476","Teluk Bintuni",26976,3102,1990,202,34,3510,166,236,409,3575,314,640,1969,7,46,175,205,4693,3617,104,459,265,43,22,108,133,338,89,2,29,4,152,332,4,2,NA
"477","Manokwari",17251,2896,6134,87,174,1241,224,73,304,1318,91,560,847,155,NA,NA,17,949,701,606,85,131,NA,12,2,96,188,17,115,NA,3,163,59,1,NA,3
"478","Sorong Selatan",23387,1189,767,89,452,1436,56,183,3002,853,480,618,1013,39,NA,251,147,5894,4078,247,1420,719,42,NA,NA,54,64,NA,NA,NA,38,43,208,NA,7,NA
"479","Sorong",17799,1080,3208,195,283,3724,1109,49,541,531,554,676,751,285,NA,10,NA,1748,870,580,212,7,112,154,82,384,319,105,6,NA,NA,6,219,NA,NA,NA
"480","Raja Ampat",20596,1215,4087,925,320,1415,376,20,55,62,12,75,5344,1751,31,703,178,532,974,989,385,453,163,73,81,84,160,NA,NA,NA,NA,6,109,6,9,4
"481","Tambrauw",14723,1509,3527,345,28,1070,17,93,1133,2381,246,1529,489,NA,NA,41,66,1883,29,NA,NA,NA,NA,NA,38,24,49,NA,NA,NA,21,203,NA,NA,NA,NA
"482","Maybrat",31988,2828,1067,32,8,2422,44,229,2664,4616,11733,1369,644,NA,NA,4,NA,3766,343,81,NA,NA,NA,NA,NA,32,33,NA,NA,NA,3,21,49,NA,NA,NA
"483","Manokwari Selatan",17751,1501,5290,661,727,2253,3,42,156,1363,63,248,2062,65,NA,NA,NA,775,1209,320,147,122,11,4,NA,195,54,3,NA,NA,NA,476,NA,NA,NA,NA
"484","Pegunungan Arfak",5960,529,290,NA,NA,49,NA,110,14,2453,636,167,NA,NA,NA,NA,NA,NA,NA,NA,NA,NA,NA,12,NA,NA,55,NA,NA,NA,6,1599,40,NA,NA,NA
"485","Kota Sorong",23421,2419,5469,387,901,4800,1697,111,43,36,13,54,2007,133,10,60,15,1410,1562,937,489,21,104,81,43,198,169,NA,NA,46,NA,58,124,0,19,5
"486","Merauke",19689,24,456,24,55,1549,46,1196,1015,5226,482,71,1803,18,NA,114,66,2710,2339,1137,309,23,26,NA,NA,NA,60,12,25,28,5,439,426,NA,NA,6
"487","Jayawijaya",15159,3185,435,9,NA,2044,125,301,NA,3647,894,916,NA,NA,NA,NA,NA,414,238,43,NA,NA,NA,NA,5,NA,20,NA,NA,NA,12,2871,NA,NA,NA,NA
"488","Jayapura",22137,4578,3033,369,35,2540,214,302,576,5762,407,332,345,7,NA,72,33,1746,630,561,NA,23,NA,114,NA,59,32,14,NA,1,55,220,56,1,NA,20
"489","Nabire",29958,5382,3256,1015,490,6887,884,655,794,1417,996,1427,1785,67,20,279,61,1463,556,627,555,129,221,395,6,69,203,NA,12,NA,NA,256,3,3,NA,47
"490","Kepulauan Yapen",28889,3519,5705,1609,1035,6324,987,131,20,19,NA,23,752,610,74,314,24,3115,384,1818,132,170,48,22,63,1545,144,7,NA,NA,NA,114,139,NA,13,28
"491","Biak Numfor",19469,2545,5309,405,261,574,131,171,NA,27,0,174,1754,1056,1,1,33,3987,273,986,409,429,132,1,NA,343,32,2,22,NA,NA,209,157,1,45,NA
"492","Paniai",6541,NA,NA,NA,NA,NA,NA,NA,NA,2755,2021,47,NA,NA,NA,NA,NA,NA,NA,NA,NA,NA,NA,NA,NA,NA,NA,NA,NA,NA,NA,1717,NA,NA,NA,NA
"493","Puncak Jaya",12737,758,NA,NA,NA,930,186,NA,NA,4462,NA,879,NA,NA,NA,NA,NA,NA,NA,NA,NA,NA,NA,NA,NA,NA,209,NA,NA,NA,NA,5315,NA,NA,NA,NA
"494","Mimika",26228,1185,3338,246,9,5374,109,975,593,1773,362,539,2538,2,33,1113,304,2091,1847,990,1519,295,81,62,22,61,527,35,20,NA,4,106,69,7,NA,NA
"495","Boven Digoel",17175,102,2066,NA,82,1621,93,434,2415,2746,39,597,1194,1,NA,4,890,2466,1265,120,NA,NA,17,NA,NA,100,248,NA,NA,NA,113,467,92,4,NA,NA
"496","Mappi",16239,NA,27,84,NA,985,3,163,4721,2000,138,1034,1378,NA,3,104,569,3538,515,169,21,10,204,NA,NA,NA,4,NA,NA,3,15,387,164,NA,NA,NA
"497","Asmat",26878,69,52,28,NA,655,NA,2179,3217,1153,123,993,5394,96,NA,236,283,8088,2838,NA,700,177,NA,12,NA,NA,NA,NA,NA,38,10,451,86,NA,NA,NA
"498","Yahukimo",5325,627,NA,NA,NA,NA,NA,NA,144,807,3039,1,NA,NA,NA,NA,NA,NA,NA,NA,NA,NA,NA,NA,NA,NA,NA,NA,NA,NA,NA,707,NA,NA,NA,NA
"499","Pegunungan Bintang",6797,991,269,NA,NA,880,NA,NA,77,2266,1175,202,NA,29,NA,NA,NA,NA,43,NA,NA,NA,NA,NA,NA,NA,NA,NA,NA,NA,NA,868,NA,NA,NA,NA
"500","Tolikara",1627,NA,NA,NA,NA,NA,NA,NA,NA,NA,NA,NA,NA,NA,NA,NA,NA,NA,NA,NA,NA,NA,NA,NA,NA,NA,NA,NA,NA,NA,53,1574,NA,NA,NA,NA
"501","Sarmi",18983,1696,7354,1665,27,1390,110,502,1099,1811,NA,42,529,NA,NA,NA,91,575,1225,NA,83,173,NA,25,NA,40,95,14,NA,NA,12,426,NA,NA,NA,NA
"502","Keerom",10653,2065,1769,31,NA,1581,146,64,704,1882,366,337,64,NA,5,15,15,469,131,33,NA,NA,NA,27,NA,64,67,47,41,22,NA,668,26,11,NA,4
"503","Waropen",36203,1612,7034,1363,606,5026,164,245,3154,1731,431,1768,2959,44,15,4,106,1973,2786,105,2450,1796,198,NA,24,55,NA,NA,NA,53,218,102,35,142,NA,NA
"504","Supiori",47326,5627,5540,1236,440,335,72,NA,NA,NA,NA,40,1925,14006,NA,NA,NA,15604,54,624,5,1654,9,NA,NA,14,4,NA,NA,NA,NA,111,22,NA,4,2
"505","Mamberamo Raya",20776,320,728,395,NA,1308,NA,445,1120,4805,1038,1246,2632,NA,NA,NA,NA,5213,431,NA,607,68,NA,NA,54,NA,NA,NA,NA,NA,NA,198,146,NA,NA,25
"506","Nduga",24456,90,NA,NA,NA,180,NA,NA,788,3012,690,828,NA,NA,NA,28,NA,838,NA,NA,NA,NA,593,NA,NA,NA,NA,NA,NA,NA,NA,14399,2943,NA,17,50
"507","Lanny Jaya",7304,NA,NA,NA,NA,827,NA,NA,NA,NA,NA,NA,NA,NA,NA,NA,NA,NA,NA,NA,NA,NA,NA,NA,NA,NA,NA,NA,NA,NA,NA,5332,32,NA,NA,1114
"508","Mamberamo Tengah",3123,216,41,NA,NA,NA,NA,NA,NA,NA,NA,NA,NA,NA,NA,NA,NA,NA,NA,NA,NA,NA,NA,NA,NA,NA,NA,NA,NA,NA,NA,2866,NA,NA,NA,NA
"509","Yalimo",29666,NA,NA,NA,NA,NA,NA,NA,2949,10929,9072,101,154,NA,NA,NA,NA,NA,NA,NA,NA,NA,NA,NA,2,NA,250,NA,NA,NA,60,6125,23,NA,NA,NA
"510","Puncak",1266,990,276,NA,NA,NA,NA,NA,NA,NA,NA,NA,NA,NA,NA,NA,NA,NA,NA,NA,NA,NA,NA,NA,NA,NA,NA,NA,NA,NA,NA,NA,NA,NA,NA,NA
"511","Dogiyai",9350,984,109,NA,NA,NA,20,16,1276,1734,2440,524,100,54,NA,NA,97,168,NA,NA,NA,NA,935,NA,NA,214,NA,NA,NA,NA,NA,655,24,NA,NA,NA
"512","Intan Jaya",8068,NA,NA,NA,NA,NA,NA,NA,NA,1831,51,270,NA,NA,NA,NA,NA,NA,NA,NA,NA,NA,NA,NA,NA,NA,NA,NA,NA,NA,NA,5917,NA,NA,NA,NA
"513","Deiyai",9633,NA,NA,NA,NA,NA,NA,NA,NA,3358,1920,NA,NA,NA,NA,NA,NA,NA,NA,NA,NA,NA,NA,NA,NA,NA,NA,NA,NA,NA,NA,4354,NA,NA,NA,NA
"514","Kota Jayapura",28314,3162,8958,616,69,3911,510,426,514,2696,134,42,745,157,NA,60,86,428,2161,2006,88,32,NA,13,35,871,106,NA,NA,10,0,419,12,NA,50,NA
