"","kabupaten_kota","buah_buahan","jeruk_jeruk_bali","mangga","apel","rambutan","duku_langsat","durian","salak","pisang_ambon","pisang_lainnya","pepaya","semangka","tomat_buah","buah_buahan_lainnya"
"1","Simeulue",3039,809,164,96,134,71,NA,246,46,742,226,125,171,209
"2","Aceh Singkil",5344,1627,179,529,14,61,NA,982,95,368,317,568,16,587
"3","Aceh Selatan",4481,1289,46,295,5,45,3,729,68,264,209,272,1084,172
"4","Aceh Tenggara",3960,1225,108,285,NA,10,9,652,77,331,167,240,680,177
"5","Aceh Timur",3598,1651,63,195,11,187,NA,564,20,171,132,490,8,107
"6","Aceh Tengah",8549,2053,495,622,250,37,1110,754,203,521,413,450,660,980
"7","Aceh Barat",9377,2530,213,1123,NA,244,NA,1361,113,501,356,463,1311,1163
"8","Aceh Besar",5527,2064,278,476,22,5,93,813,217,592,278,326,8,355
"9","Pidie",4886,2105,271,413,184,127,86,830,103,287,205,84,NA,191
"10","Bireuen",8455,2428,277,823,360,117,539,1112,72,503,293,209,914,808
"11","Aceh Utara",3293,1414,313,232,17,16,51,497,8,73,66,268,254,85
"12","Aceh Barat Daya",4168,1218,39,234,NA,38,NA,688,47,296,140,203,1060,205
"13","Gayo Lues",9139,2584,399,1217,379,283,NA,1643,148,988,394,330,195,579
"14","Aceh Tamiang",4585,1639,81,351,NA,44,52,513,21,328,124,334,488,611
"15","Nagan Raya",7409,2181,284,579,145,407,NA,1235,62,409,392,550,920,246
"16","Aceh Jaya",8049,2022,268,681,60,88,NA,1472,172,566,454,512,1074,678
"17","Bener Meriah",8506,1589,444,630,264,90,2357,873,115,330,172,322,985,336
"18","Pidie Jaya",6102,2377,236,760,295,263,79,1065,60,372,300,94,NA,200
"19","Kota Banda Aceh",10713,2612,971,960,NA,NA,174,655,79,1272,720,610,505,2154
"20","Kota Sabang",7602,2120,704,545,69,32,NA,596,86,1398,756,452,6,837
"21","Kota Langsa",7846,1956,207,676,32,97,10,631,41,815,351,605,942,1483
"22","Kota Lhokseumawe",7215,1927,512,919,16,35,43,852,25,603,334,403,880,665
"23","Kota Subulussalam",5094,1464,296,562,NA,85,NA,786,64,246,118,297,950,226
"24","Nias",2203,258,NA,110,NA,3,NA,39,181,1311,193,80,3,26
"25","Mandailing Natal",3499,888,117,397,53,21,141,749,95,348,281,149,0,261
"26","Tapanuli Selatan",4212,1129,58,365,23,3,418,714,145,564,409,175,29,182
"27","Tapanuli Tengah",4791,1099,7,272,NA,4,NA,527,171,791,326,108,1093,394
"28","Tapanuli Utara",7365,1787,41,750,24,13,231,603,187,1254,339,45,1463,629
"29","Toba Samosir",9918,2682,116,790,31,56,643,751,284,1448,481,114,1619,904
"30","Labuhan Batu",4073,1321,95,210,NA,17,43,628,43,402,160,310,585,259
"31","Asahan",6013,2051,135,316,6,21,117,433,80,686,270,276,867,755
"32","Simalungun",5972,1857,100,385,NA,14,217,264,42,746,401,288,859,796
"33","Dairi",4528,1078,28,350,7,NA,NA,366,310,1238,318,94,304,435
"34","Karo",7090,1310,209,1524,27,116,77,733,216,911,324,392,164,1086
"35","Deli Serdang",6236,1918,189,500,11,6,82,357,35,1132,611,421,56,919
"36","Langkat",4411,1439,79,352,14,84,2,413,41,567,332,328,8,751
"37","Nias Selatan",1602,133,NA,207,3,18,NA,70,163,702,187,68,34,17
"38","Humbang Hasundutan",7741,1968,15,521,7,5,32,625,293,1463,320,131,1626,735
"39","Pakpak Bharat",5157,552,29,422,NA,12,51,617,151,1015,393,62,1228,627
"40","Samosir",6851,1877,102,367,11,25,461,409,304,1735,529,46,172,812
"41","Serdang Bedagai",5939,1959,129,458,7,NA,NA,436,11,766,195,415,823,741
"42","Batu Bara",4872,1432,176,441,1,9,79,405,19,564,144,158,971,473
"43","Padang Lawas Utara",4540,1181,49,243,11,60,331,1048,63,511,141,91,572,238
"44","Padang Lawas",4616,1172,107,508,6,93,155,1032,87,556,131,161,208,401
"45","Labuhan Batu Selatan",5327,1660,84,403,30,46,213,793,60,384,176,294,781,404
"46","Labuhan Batu Utara",5604,1562,187,365,NA,6,206,818,75,495,206,322,894,467
"47","Nias Utara",1526,193,NA,83,20,54,NA,35,248,639,151,46,34,23
"48","Nias Barat",1863,201,63,141,2,30,NA,26,67,1134,122,65,4,9
"49","Kota Sibolga",6283,1118,74,367,3,22,NA,320,223,946,763,283,1379,783
"50","Kota Tanjung Balai",6351,1302,416,452,19,57,44,509,58,813,651,316,1200,515
"51","Kota Pematang Siantar",8995,1858,149,825,33,15,329,308,331,1461,1017,404,1002,1263
"52","Kota Tebing Tinggi",6962,1760,241,572,NA,NA,229,379,30,1466,672,316,23,1275
"53","Kota Medan",8297,2100,389,1229,5,45,298,190,83,1552,871,415,85,1036
"54","Kota Binjai",6529,1785,88,784,NA,42,22,297,54,1219,708,400,52,1076
"55","Kota Padangsidimpuan",7122,1377,196,517,31,15,554,614,71,936,703,172,849,1087
"56","Kota Gunungsitoli",3877,578,NA,387,6,22,6,115,430,1371,406,202,17,338
"57","Kepulauan Mentawai",5222,1180,285,504,9,NA,NA,100,241,2161,375,195,65,105
"58","Pesisir Selatan",4070,1336,200,232,20,14,50,278,236,503,434,189,303,272
"59","Solok",4703,1611,63,286,14,53,9,707,100,696,403,100,446,218
"60","Sijunjung",5136,1572,139,260,34,148,245,708,287,672,438,375,21,236
"61","Tanah Datar",5920,2174,156,367,44,53,201,556,490,603,496,293,80,406
"62","Padang Pariaman",5354,1802,129,363,28,176,368,387,239,606,390,187,301,379
"63","Agam",5275,1806,159,230,11,19,173,581,389,637,562,199,61,449
"64","Lima Puluh Kota",5343,1711,58,231,25,49,123,676,357,890,641,195,29,355
"65","Pasaman",3392,1125,51,161,9,21,NA,743,101,400,395,164,73,150
"66","Solok Selatan",6312,1711,215,306,228,27,809,958,389,380,340,371,282,295
"67","Dharmasraya",5695,1853,64,460,5,69,NA,697,468,674,660,283,8,454
"68","Pasaman Barat",3929,817,83,365,38,17,72,888,187,372,520,217,66,287
"69","Kota Padang",7260,2279,218,485,16,11,89,300,447,1099,971,294,57,994
"70","Kota Solok",7608,2327,270,341,31,557,66,416,799,832,898,251,60,759
"71","Kota Sawah Lunto",6668,2266,243,501,2,37,59,658,1078,304,619,342,88,471
"72","Kota Padang Panjang",7215,2338,320,1018,9,15,15,567,437,556,570,257,168,944
"73","Kota Bukittinggi",9363,3386,263,947,3,144,59,734,443,1149,677,446,13,1099
"74","Kota Payakumbuh",7768,2457,149,504,8,86,45,524,1196,504,968,369,94,863
"75","Kota Pariaman",7328,2303,143,600,14,268,196,783,532,832,759,311,89,498
"76","Kuantan Singingi",6456,1974,298,323,31,133,20,839,148,543,462,223,36,1427
"77","Indragiri Hulu",6107,1665,342,467,7,79,102,755,130,888,349,462,55,806
"78","Indragiri Hilir",5592,1651,282,350,44,159,12,651,28,1062,224,554,74,500
"79","Pelalawan",6831,2264,430,538,33,103,99,854,126,691,342,516,299,536
"80","Siak",6910,2491,225,493,14,24,8,622,106,934,492,467,120,914
"81","Kampar",5598,1964,205,421,14,82,37,792,178,635,434,348,52,435
"82","Rokan Hulu",5843,1660,241,824,42,117,51,973,119,529,235,459,24,570
"83","Bengkalis",5311,2020,298,318,21,NA,12,458,141,837,449,362,84,310
"84","Rokan Hilir",5126,1789,158,518,39,45,56,1030,96,430,131,355,250,228
"85","Kepulauan Meranti",4401,1545,337,306,19,22,NA,368,29,980,186,302,5,302
"86","Kota Pekanbaru",8996,2463,684,1047,NA,50,27,426,141,1352,1059,326,153,1267
"87","Kota Dumai",7384,2081,440,527,2,164,36,426,97,1213,556,365,592,886
"88","Kerinci",6235,1695,73,668,147,224,84,893,165,703,485,249,312,537
"89","Merangin",4182,1410,126,186,88,79,70,478,178,496,202,322,48,501
"90","Sarolangun",4298,1268,136,458,80,95,NA,357,223,617,207,498,101,260
"91","Batang Hari",4568,1831,78,316,10,NA,NA,472,169,524,198,445,157,368
"92","Muaro Jambi",6629,2216,267,583,29,130,36,512,349,882,603,633,166,224
"93","Tanjung Jabung Timur",6950,2976,477,729,58,142,90,490,188,735,240,381,24,419
"94","Tanjung Jabung Barat",6535,2147,211,460,241,321,14,532,46,878,394,528,302,462
"95","Tebo",4938,1438,65,329,29,18,NA,557,216,1045,366,392,44,440
"96","Bungo",5375,1725,38,575,28,22,NA,663,273,658,290,431,189,482
"97","Kota Jambi",8163,2018,409,575,25,66,38,327,496,1174,1217,271,464,1082
"98","Kota Sungai Penuh",6424,1977,240,597,183,139,140,216,268,988,605,268,180,624
"99","Ogan Komering Ulu",4675,961,131,328,54,674,32,288,224,988,383,266,53,293
"100","Ogan Komering Ilir",5630,1669,141,255,147,325,41,377,349,1090,489,284,35,427
"101","Muara Enim",4126,957,169,327,111,578,48,193,220,637,244,158,134,351
"102","Lahat",3930,864,168,233,61,295,273,236,333,567,386,208,9,299
"103","Musi Rawas",3558,1135,98,185,70,219,34,224,210,529,288,310,18,239
"104","Musi Banyuasin",5753,1425,225,424,296,501,119,329,224,864,418,484,25,418
"105","Banyu Asin",6011,1869,265,453,314,388,44,217,359,857,339,338,18,551
"106","Ogan Komering Ulu Selatan",4076,427,62,129,167,1807,185,129,126,515,157,11,52,308
"107","Ogan Komering Ulu Timur",5113,1091,92,503,27,244,17,451,351,1074,469,165,70,559
"108","Ogan Ilir",5017,1273,149,170,210,298,22,232,156,1276,540,324,42,326
"109","Empat Lawang",3436,766,202,91,83,83,181,236,150,505,356,171,356,256
"110","Penukal Abab Lematang Ilir",3385,1098,110,182,184,398,NA,234,203,476,185,120,8,188
"111","Musi Rawas Utara",4619,1023,248,513,176,140,23,248,329,571,373,592,39,345
"112","Kota Palembang",6505,1854,226,555,90,300,163,133,486,943,778,308,40,629
"113","Kota Prabumulih",4385,809,117,437,50,241,31,77,302,874,551,227,109,561
"114","Kota Pagar Alam",3994,1243,115,225,25,164,100,384,421,579,295,125,13,305
"115","Kota Lubuklinggau",5959,1192,176,514,62,305,93,266,799,694,701,385,20,752
"116","Bengkulu Selatan",4484,692,89,221,176,223,46,406,315,848,465,396,75,531
"117","Rejang Lebong",5481,1422,60,464,184,269,167,411,641,543,305,252,254,510
"118","Bengkulu Utara",5906,1552,92,456,70,116,115,402,375,772,445,274,122,1115
"119","Kaur",4247,901,270,239,504,135,37,564,373,568,303,171,25,156
"120","Seluma",3473,746,17,202,199,69,40,393,254,603,203,178,154,415
"121","Mukomuko",5989,1923,240,808,71,156,31,416,214,676,310,495,71,576
"122","Lebong",4974,836,11,287,286,168,673,322,645,364,371,181,501,327
"123","Kepahiang",5221,1104,29,317,297,297,604,343,591,446,431,153,355,253
"124","Bengkulu Tengah",5198,1124,78,234,190,307,783,290,434,499,273,427,159,400
"125","Kota Bengkulu",7499,1884,120,654,240,198,144,267,1083,369,655,413,334,1139
"126","Lampung Barat",4794,1402,101,135,138,523,222,326,438,721,226,63,65,436
"127","Tanggamus",2879,897,86,201,39,57,26,252,148,626,246,92,10,201
"128","Lampung Selatan",5263,1365,89,415,115,177,31,419,367,1160,400,220,275,230
"129","Lampung Timur",4519,1067,82,488,49,44,66,397,282,1011,287,99,114,533
"130","Lampung Tengah",4233,996,78,446,72,236,19,314,193,1185,272,87,15,320
"131","Lampung Utara",3398,776,39,234,26,303,100,234,237,911,231,26,26,255
"132","Way Kanan",5310,942,51,351,185,889,62,436,222,1167,243,82,97,583
"133","Tulangbawang",3634,1040,70,295,13,172,2,311,202,815,173,70,78,393
"134","Pesawaran",3881,995,61,334,78,109,91,357,260,939,250,79,42,286
"135","Pringsewu",4544,1159,110,319,54,143,16,360,174,1107,347,77,40,637
"136","Mesuji",3994,988,84,460,9,145,3,402,135,993,211,119,14,432
"137","Tulang Bawang Barat",3370,1214,143,96,12,176,NA,292,94,835,201,41,9,256
"138","Pesisir Barat",4090,1199,64,326,53,45,16,452,379,687,346,222,NA,302
"139","Kota Bandar Lampung",7368,1771,127,772,52,241,143,259,904,1090,624,183,95,1107
"140","Kota Metro",8153,2064,153,750,135,258,398,359,514,1200,577,90,190,1464
"141","Bangka",8430,2837,95,641,104,172,NA,139,793,1140,785,626,24,1074
"142","Belitung",8920,2669,422,719,NA,129,NA,273,532,1728,775,655,10,1008
"143","Bangka Barat",7028,2423,63,618,85,202,NA,169,594,1212,502,475,17,668
"144","Bangka Tengah",7749,2718,136,480,123,296,19,255,603,740,567,633,158,1019
"145","Bangka Selatan",5684,2264,128,268,75,257,NA,161,637,536,229,433,23,672
"146","Belitung Timur",7564,2346,132,1105,7,34,15,277,422,1350,523,300,45,1009
"147","Kota Pangkal Pinang",10124,2557,197,999,237,387,NA,118,1018,932,1126,533,76,1944
"148","Karimun",6427,1511,919,752,38,62,NA,188,170,1188,701,490,10,398
"149","Bintan",5066,1626,423,475,NA,41,NA,182,187,922,363,516,44,288
"150","Natuna",5420,668,331,576,NA,NA,NA,93,261,1213,243,1016,34,985
"151","Lingga",6195,2487,788,454,2,56,NA,308,169,952,297,297,14,370
"152","Kepulauan Anambas",4539,824,449,1080,19,12,NA,92,114,679,135,306,3,826
"153","Kota Batam",10286,2520,1260,1229,27,35,174,382,236,1671,822,777,179,974
"154","Kota Tanjung Pinang",9225,2436,1062,1142,NA,48,NA,279,321,1280,895,687,59,1014
"155","Kep. Seribu",8882,2285,873,605,184,593,243,345,1230,137,837,205,51,1294
"156","Kota Jakarta Selatan",10776,2487,204,1291,96,292,113,267,1418,810,1391,322,180,1905
"157","Kota Jakarta Timur",10680,2762,240,1023,144,438,281,271,1441,811,1398,469,90,1313
"158","Kota Jakarta Pusat",8710,2614,391,864,129,178,69,169,1538,433,1197,393,118,616
"159","Kota Jakarta Barat",9699,2466,261,1052,87,610,481,226,1166,519,1239,337,135,1120
"160","Kota Jakarta Utara",9890,2293,252,985,114,574,285,378,1277,733,1297,444,131,1126
"161","Bogor",6393,1872,164,509,255,262,224,269,670,699,579,202,41,648
"162","Sukabumi",5528,1671,187,453,635,255,44,159,570,704,348,174,20,309
"163","Cianjur",5357,1043,209,542,791,210,162,156,511,601,484,148,38,463
"164","Bandung",5891,1429,75,563,887,277,32,143,842,341,495,210,38,559
"165","Garut",3611,1076,73,293,501,56,114,105,266,478,232,56,44,317
"166","Tasikmalaya",4075,999,123,442,367,168,37,129,253,668,529,109,17,233
"167","Ciamis",5517,1464,37,540,217,424,42,230,299,1007,456,201,65,533
"168","Kuningan",6210,1378,20,412,240,286,157,231,796,1374,593,70,35,618
"169","Cirebon",4064,1201,21,271,143,253,23,261,436,614,280,81,4,474
"170","Majalengka",5725,1413,44,294,508,290,290,327,635,631,389,101,20,784
"171","Sumedang",5505,1305,59,518,621,289,23,108,476,880,471,102,56,599
"172","Indramayu",7732,1733,179,567,791,599,278,680,585,966,474,84,11,785
"173","Subang",6508,1645,107,513,747,605,147,313,708,473,454,369,20,407
"174","Purwakarta",7497,1716,118,768,566,396,426,256,346,1297,478,241,12,877
"175","Karawang",5876,1676,306,698,427,401,294,243,326,543,489,213,34,225
"176","Bekasi",7380,2057,314,693,164,240,58,311,831,903,809,242,35,724
"177","Bandung Barat",4957,1269,34,383,1149,211,10,99,506,415,410,144,18,309
"178","Pangandaran",6281,1530,149,899,292,357,37,361,138,1006,319,249,6,937
"179","Kota Bogor",9182,2300,134,925,158,322,542,256,1181,727,891,451,127,1168
"180","Kota Sukabumi",7466,1982,155,693,461,249,64,164,883,771,622,234,49,1139
"181","Kota Bandung",9351,2112,178,1039,407,182,57,138,1481,525,1059,382,104,1686
"182","Kota Cirebon",6670,1478,72,744,150,55,55,233,1450,531,783,144,74,903
"183","Kota Bekasi",12771,3132,334,1334,97,435,704,277,1598,1004,1432,452,74,1899
"184","Kota Depok",10964,2633,160,1205,75,407,62,457,1414,901,1244,389,143,1872
"185","Kota Cimahi",7946,1911,56,964,515,189,218,78,1361,308,681,251,69,1344
"186","Kota Tasikmalaya",7744,2035,115,875,492,566,323,178,536,773,745,278,46,782
"187","Kota Banjar",7558,1625,33,668,556,339,NA,202,542,1119,576,173,13,1712
"188","Cilacap",3887,912,35,495,132,159,120,206,270,645,213,216,16,469
"189","Banyumas",6295,1184,20,478,240,588,480,170,869,1023,368,192,19,666
"190","Purbalingga",5287,800,53,333,157,1267,8,150,545,873,273,115,16,699
"191","Banjarnegara",5730,969,12,393,185,373,229,207,670,1495,297,281,4,614
"192","Kebumen",6039,1225,39,630,113,201,4,173,657,1217,400,239,4,1136
"193","Purworejo",5866,1102,8,436,213,333,66,97,858,1409,424,73,15,832
"194","Wonosobo",5307,923,11,337,402,131,360,144,584,1170,255,153,11,825
"195","Magelang",4482,900,32,349,307,128,133,131,451,945,344,122,12,628
"196","Boyolali",5204,1006,8,440,245,108,238,103,628,1488,321,114,7,498
"197","Klaten",5871,1049,2,653,142,229,31,125,964,1206,544,215,32,680
"198","Sukoharjo",6360,1163,36,501,274,132,12,108,1582,868,865,182,74,563
"199","Wonogiri",5158,938,1,434,145,93,25,133,768,1404,464,52,29,672
"200","Karanganyar",5716,900,16,475,257,49,293,97,1292,1099,517,92,20,608
"201","Sragen",6422,1344,NA,502,247,63,6,202,1038,1500,670,216,21,612
"202","Grobogan",4227,907,6,357,233,52,21,213,263,1185,326,98,2,562
"203","Blora",5037,823,2,712,368,178,NA,214,175,1395,354,178,4,634
"204","Rembang",5607,1055,20,534,339,400,139,408,102,1352,147,438,22,650
"205","Pati",6496,1772,35,517,491,521,54,342,251,1202,343,385,7,575
"206","Kudus",5463,1250,17,601,304,337,45,275,154,1201,237,226,17,798
"207","Jepara",5053,1188,35,400,299,619,1,257,257,1212,317,105,8,358
"208","Demak",6936,1800,74,715,529,328,93,367,577,1123,431,177,17,703
"209","Semarang",5717,920,13,451,517,148,221,164,777,1458,344,62,8,635
"210","Temanggung",3315,607,26,206,277,59,103,120,382,712,251,46,6,519
"211","Kendal",5315,1032,9,431,453,124,239,128,451,1024,382,248,4,793
"212","Batang",4964,1090,39,266,432,367,126,157,373,1164,244,207,1,500
"213","Pekalongan",4832,747,43,256,189,384,184,192,604,1036,354,251,33,560
"214","Pemalang",5281,1113,9,442,328,367,13,285,249,1283,371,202,4,615
"215","Tegal",5301,1299,14,416,323,439,6,205,290,1233,306,168,3,598
"216","Brebes",4651,1120,8,367,350,366,120,235,225,909,354,85,14,496
"217","Kota Magelang",7493,1401,35,856,78,215,69,197,1342,1197,589,183,76,1255
"218","Kota Surakarta",7649,1183,21,753,152,37,482,138,1850,845,821,255,39,1072
"219","Kota Salatiga",10680,1645,57,646,868,201,737,161,1474,2009,524,228,128,2003
"220","Kota Semarang",9208,1557,55,903,310,141,336,226,2016,1260,684,362,41,1318
"221","Kota Pekalongan",5587,996,83,624,55,285,34,168,534,1477,531,190,8,604
"222","Kota Tegal",7173,1676,78,680,77,416,168,393,255,1623,543,283,11,972
"223","Kulon Progo",4592,1017,8,437,116,145,NA,113,464,1279,304,85,15,609
"224","Bantul",7617,1197,49,658,178,219,195,92,887,1534,959,271,24,1354
"225","Gunung Kidul",5092,937,14,397,264,127,24,225,544,1434,508,87,5,526
"226","Sleman",8735,1534,33,834,185,510,385,183,783,1767,950,319,25,1226
"227","Kota Yogyakarta",7722,1092,43,868,142,189,488,101,757,1401,836,402,32,1371
"228","Pacitan",4142,643,NA,289,255,8,12,137,436,1239,543,159,2,418
"229","Ponorogo",5451,414,7,467,326,127,357,164,261,1677,653,154,15,828
"230","Trenggalek",3901,471,8,310,96,16,69,172,301,978,467,187,6,820
"231","Tulungagung",6467,853,18,910,208,202,43,304,1087,886,828,348,18,763
"232","Blitar",4598,352,4,370,138,29,93,131,435,1550,503,269,19,705
"233","Kediri",4810,581,16,460,325,66,146,248,431,1132,446,183,5,770
"234","Malang",4755,470,2,432,439,19,129,167,560,1007,451,404,21,655
"235","Lumajang",6158,639,72,615,159,100,325,690,244,1661,749,346,23,535
"236","Jember",4691,270,24,382,194,111,539,446,224,1074,520,249,16,639
"237","Banyuwangi",4899,533,38,667,205,2,102,342,378,1118,517,166,16,816
"238","Bondowoso",4457,320,27,418,211,56,521,417,516,839,336,126,24,647
"239","Situbondo",3660,357,46,231,203,106,184,335,273,1033,335,117,9,430
"240","Probolinggo",3426,306,24,269,147,131,192,374,145,1223,158,75,3,378
"241","Pasuruan",6449,597,25,515,509,117,1833,386,387,996,354,228,8,495
"242","Sidoarjo",9218,1462,19,1172,430,279,822,379,497,1738,784,469,44,1123
"243","Mojokerto",7381,801,19,538,995,423,584,474,292,1675,559,448,15,558
"244","Jombang",6357,682,27,448,682,135,747,356,187,1574,591,152,18,756
"245","Nganjuk",5396,624,13,395,499,88,468,323,285,1248,602,114,8,728
"246","Madiun",4834,611,3,337,509,74,748,150,195,1162,404,119,31,491
"247","Magetan",5383,1093,2,442,257,154,184,120,246,1355,605,126,12,786
"248","Ngawi",4689,880,NA,630,194,55,144,131,311,1170,545,238,4,388
"249","Bojonegoro",4870,854,44,522,547,173,42,404,19,999,372,294,4,596
"250","Tuban",6129,1014,3,596,559,342,110,458,79,1226,354,415,31,941
"251","Lamongan",5447,841,19,560,833,250,136,419,110,1003,440,275,61,499
"252","Gresik",8278,1095,25,774,890,311,891,379,277,1276,754,764,74,770
"253","Bangkalan",2959,374,20,75,775,194,53,194,58,517,352,238,30,80
"254","Sampang",2600,180,7,57,879,145,17,297,36,661,70,20,17,215
"255","Pamekasan",2111,221,3,57,522,20,72,235,81,498,110,4,8,279
"256","Sumenep",5238,583,92,383,798,130,42,222,371,1509,551,47,44,467
"257","Kota Kediri",8712,1114,6,1002,160,219,625,175,1219,1530,567,411,52,1632
"258","Kota Blitar",8915,949,29,1077,41,50,186,304,1720,1327,723,641,80,1786
"259","Kota Malang",7570,714,17,925,316,40,325,251,912,1426,659,338,68,1579
"260","Kota Probolinggo",5846,450,4,524,231,366,472,487,27,1552,541,155,21,1015
"261","Kota Pasuruan",7230,420,4,413,442,240,1647,228,358,1702,510,265,32,970
"262","Kota Mojokerto",7110,710,15,459,321,210,358,317,525,1735,637,376,39,1409
"263","Kota Madiun",8643,1265,2,758,402,194,657,165,698,1603,917,361,171,1450
"264","Kota Surabaya",7880,1075,35,908,364,115,507,301,514,1665,1040,497,55,803
"265","Kota Batu",6948,960,25,544,667,NA,318,241,935,1031,540,280,17,1390
"266","Pandeglang",3137,1101,12,124,247,170,2,326,174,579,181,31,16,172
"267","Lebak",5270,1765,109,181,447,85,439,426,372,978,280,68,42,77
"268","Tangerang",6436,2041,267,499,172,641,61,344,511,533,683,216,79,389
"269","Serang",4337,1373,115,325,227,309,57,503,359,503,222,63,83,198
"270","Kota Tangerang",10017,2753,310,1028,43,481,169,305,1279,876,1190,310,85,1185
"271","Kota Cilegon",10300,2787,291,838,254,548,507,488,429,1742,800,328,280,1006
"272","Kota Serang",6430,2068,85,528,187,218,211,370,373,884,619,181,41,666
"273","Kota Tangerang Selatan",11525,3263,304,1401,43,398,394,362,1447,1004,1580,328,147,854
"274","Jembrana",5945,938,2,610,90,4,20,709,116,2047,658,117,57,578
"275","Tabanan",6849,1143,124,912,561,NA,173,581,642,1488,745,120,60,302
"276","Badung",7295,1324,322,882,599,1,59,610,401,1467,707,295,55,573
"277","Gianyar",9261,1612,388,908,1007,0,18,1053,855,2358,413,159,286,203
"278","Klungkung",9371,1837,21,1773,781,5,9,1143,693,2406,198,39,19,444
"279","Bangli",7251,1279,118,1077,889,NA,64,747,469,2057,274,40,11,226
"280","Karangasem",6595,1116,63,778,719,2,11,961,227,2221,111,26,176,182
"281","Buleleng",7229,958,26,753,759,82,894,602,191,1862,261,68,178,594
"282","Kota Denpasar",7908,1311,81,1177,669,4,126,593,602,917,1292,568,31,539
"283","Lombok Barat",5747,723,28,861,417,185,292,806,124,1116,533,53,3,606
"284","Lombok Tengah",5144,517,1,494,817,83,171,792,181,745,463,12,1,868
"285","Lombok Timur",8037,1086,33,672,1021,21,447,1160,321,1383,618,36,32,1209
"286","Sumbawa",8590,980,48,1274,1297,226,271,730,107,1180,329,43,18,2086
"287","Dompu",5786,491,7,790,973,92,344,742,256,953,381,33,NA,726
"288","Bima",6223,393,102,1533,705,NA,337,778,79,601,144,13,2,1537
"289","Sumbawa Barat",10369,1167,25,1210,947,263,596,1253,437,2033,738,153,NA,1547
"290","Lombok Utara",5918,855,28,560,827,65,1204,506,203,807,340,44,66,412
"291","Kota Mataram",11663,1289,4,1678,293,160,1571,851,154,1911,1408,270,32,2042
"292","Kota Bima",12191,938,37,1874,1119,33,1240,1293,95,2112,588,30,3,2829
"293","Sumba Barat",2538,139,NA,97,28,NA,66,25,577,629,713,4,NA,260
"294","Sumba Timur",3404,516,2,327,150,NA,58,62,279,977,384,22,2,624
"295","Kupang",1651,40,20,25,16,12,NA,14,144,678,175,177,28,322
"296","Timor Tengah Selatan",3159,75,12,76,14,NA,NA,33,72,1231,218,615,1,812
"297","Timor Tengah Utara",2663,16,34,222,7,NA,NA,49,5,920,213,409,23,764
"298","Belu",1780,170,41,152,28,NA,NA,59,185,445,438,74,39,149
"299","Alor",3555,81,38,277,150,NA,NA,77,542,1522,243,63,31,532
"300","Lembata",3493,91,NA,102,119,NA,NA,55,113,1394,156,698,59,706
"301","Flores Timur",2572,20,12,67,210,NA,23,97,135,1057,211,161,11,569
"302","Sikka",2476,83,25,225,103,NA,51,103,87,908,318,7,3,565
"303","Ende",3718,130,39,340,289,NA,114,96,90,1397,704,137,41,343
"304","Ngada",4231,134,14,134,202,NA,133,138,279,1910,362,9,225,691
"305","Manggarai",3615,181,37,256,84,NA,206,102,392,1607,252,31,16,452
"306","Rote Ndao",1424,90,22,102,25,NA,NA,21,105,725,155,83,7,89
"307","Manggarai Barat",4199,102,0,272,91,NA,611,156,371,1327,421,103,43,702
"308","Sumba Tengah",2984,275,NA,77,20,NA,402,46,373,639,546,17,NA,589
"309","Sumba Barat Daya",3654,250,NA,52,113,NA,109,38,569,918,674,11,268,652
"310","Nagekeo",3222,82,12,203,75,NA,233,126,117,1534,253,142,17,429
"311","Manggarai Timur",3137,56,69,15,382,NA,77,37,330,1524,379,41,46,181
"312","Sabu Raijua",1681,45,89,418,19,NA,NA,27,193,483,145,147,5,111
"313","Malaka",1349,56,163,56,NA,NA,NA,23,156,372,269,108,15,132
"314","Kota Kupang",6682,1250,16,1213,530,3,21,188,429,631,414,60,47,1880
"315","Sambas",3439,605,107,300,NA,NA,NA,112,94,864,226,443,5,683
"316","Bengkayang",3751,767,90,343,5,NA,NA,334,95,732,395,549,NA,440
"317","Landak",2905,687,126,158,7,NA,NA,158,38,951,222,294,2,261
"318","Mempawah",3149,466,122,456,4,0,NA,89,56,566,297,517,6,570
"319","Sanggau",4562,805,167,453,23,NA,23,270,217,726,373,797,13,696
"320","Ketapang",3971,721,248,369,32,7,35,201,100,907,545,328,19,459
"321","Sintang",3531,591,58,397,2,NA,266,228,249,617,335,438,25,323
"322","Kapuas Hulu",3588,780,170,700,10,17,NA,138,99,609,236,714,18,96
"323","Sekadau",3209,663,96,331,NA,NA,10,231,211,611,311,519,22,203
"324","Melawi",2875,563,28,407,24,NA,NA,269,96,576,83,502,24,303
"325","Kayong Utara",3709,864,107,441,NA,NA,NA,201,75,978,139,280,1,625
"326","Kubu Raya",3079,586,92,234,27,3,NA,61,111,649,381,357,8,570
"327","Kota Pontianak",6681,892,514,971,13,NA,NA,134,153,992,718,724,62,1507
"328","Kota Singkawang",6087,749,184,979,NA,NA,70,148,163,1247,665,701,31,1151
"329","Kotawaringin Barat",6844,975,262,645,40,40,NA,362,482,971,352,1061,25,1629
"330","Kotawaringin Timur",6501,846,548,1119,37,8,45,335,340,870,408,889,5,1051
"331","Kapuas",3387,258,145,304,114,NA,406,309,45,939,96,472,0,300
"332","Barito Selatan",4796,294,468,546,125,11,833,274,107,1223,253,368,20,275
"333","Barito Utara",6631,521,538,468,793,6,1187,156,362,996,183,657,59,705
"334","Sukamara",5902,879,509,689,51,NA,93,575,384,593,381,654,10,1084
"335","Lamandau",8441,1185,279,1355,44,31,NA,578,802,992,491,1163,82,1438
"336","Seruyan",4851,908,454,716,169,15,NA,484,222,426,154,824,27,451
"337","Katingan",3543,550,204,378,46,24,17,177,304,581,98,682,5,478
"338","Pulang Pisau",5163,884,444,487,125,35,30,309,273,1194,303,288,66,727
"339","Gunung Mas",4099,483,437,320,75,NA,47,521,133,970,168,490,1,454
"340","Barito Timur",4264,250,193,461,138,41,71,83,42,1590,368,273,14,739
"341","Murung Raya",2945,288,359,372,215,23,NA,151,247,549,130,413,22,176
"342","Kota Palangka Raya",7205,1067,569,971,35,NA,130,394,584,943,634,625,20,1233
"343","Tanah Laut",4896,419,109,698,80,5,153,624,160,1038,370,470,3,768
"344","Kota Baru",5174,700,434,532,81,11,159,272,119,1418,248,733,26,443
"345","Banjar",5076,212,109,560,179,20,260,341,240,1466,223,379,27,1062
"346","Barito Kuala",4093,555,98,402,44,NA,47,369,97,1048,291,448,20,675
"347","Tapin",5491,249,299,830,178,NA,408,240,193,1275,481,577,41,721
"348","Hulu Sungai Selatan",4109,265,307,629,204,NA,492,151,151,932,484,131,13,348
"349","Hulu Sungai Tengah",5053,360,259,593,364,NA,379,183,60,1285,457,230,3,881
"350","Hulu Sungai Utara",3903,240,294,319,137,4,83,299,100,1065,217,202,8,934
"351","Tabalong",5504,284,446,508,109,5,244,328,124,1492,366,566,38,993
"352","Tanah Bumbu",5570,609,289,653,49,9,288,311,280,1074,258,969,22,758
"353","Balangan",4672,153,160,569,53,7,207,220,121,1851,287,310,NA,735
"354","Kota Banjarmasin",6177,350,604,840,47,8,276,279,816,924,773,452,13,795
"355","Kota Banjar Baru",7600,601,238,938,105,3,191,436,703,1430,630,602,32,1688
"356","Paser",6932,704,874,814,56,13,244,370,480,1423,265,673,58,958
"357","Kutai Barat",6513,475,586,715,1144,143,629,31,242,1067,281,399,7,795
"358","Kutai Kartanegara",5523,1078,843,668,12,NA,118,51,270,988,323,627,19,526
"359","Kutai Timur",8044,984,1231,1090,10,24,782,215,358,1276,285,423,51,1314
"360","Berau",9057,1169,635,1291,454,156,524,190,322,1088,465,951,75,1740
"361","Penajam Paser Utara",5437,894,383,781,NA,NA,NA,178,268,1204,262,676,6,785
"362","Mahakam Ulu",4959,329,272,538,237,51,1158,16,296,1213,538,144,8,159
"363","Kota Balikpapan",10726,2156,918,1916,10,NA,72,174,820,1330,887,686,30,1727
"364","Kota Samarinda",6887,914,761,1099,7,6,536,70,614,705,516,580,45,1033
"365","Kota Bontang",9280,1324,709,1487,27,7,630,131,506,1518,773,576,35,1557
"366","Malinau",4563,568,286,363,198,14,347,4,199,1167,357,431,61,569
"367","Bulungan",7588,798,424,1140,120,256,678,42,344,1492,583,624,43,1043
"368","Tana Tidung",6345,818,639,1399,77,208,172,83,114,1397,389,563,34,451
"369","Nunukan",5045,516,1027,691,63,NA,NA,2,37,1597,473,420,12,207
"370","Kota Tarakan",7869,1040,951,1260,7,86,161,195,319,1366,762,635,32,1055
"371","Bolaang Mongondow",4781,263,695,228,88,18,225,155,217,1113,558,337,670,215
"372","Minahasa",6929,194,631,713,36,76,604,131,429,1246,743,221,1658,248
"373","Kepulauan Sangihe",5417,20,392,114,NA,4,NA,40,290,1721,927,120,1685,103
"374","Kepulauan Talaud",6038,221,123,530,NA,NA,NA,124,107,1398,498,177,2608,252
"375","Minahasa Selatan",7038,166,197,705,249,76,942,82,300,1639,1021,292,1078,291
"376","Minahasa Utara",6472,441,392,834,187,72,266,69,446,1432,1023,281,757,272
"377","Bolaang Mongondow Utara",5385,210,994,300,149,12,139,24,221,1247,605,140,1152,194
"378","Siau Tagulandang Biaro",7398,153,744,178,NA,NA,NA,196,216,2007,872,51,2829,152
"379","Minahasa Tenggara",6487,75,840,376,69,63,347,94,289,1270,755,575,1503,232
"380","Bolaang Mongondow Selatan",5041,151,1993,289,137,4,68,95,68,1220,288,76,631,21
"381","Bolaang Mongondow Timur",5765,311,1175,270,131,29,729,72,256,999,423,329,900,141
"382","Kota Manado",7145,447,434,1043,279,93,906,58,360,1379,973,402,617,156
"383","Kota Bitung",7311,260,1131,505,67,NA,285,49,512,1360,873,314,1700,258
"384","Kota Tomohon",7561,379,417,807,26,1,567,166,527,1283,876,288,1738,483
"385","Kota Kotamobagu",7413,264,341,509,84,8,1484,70,402,1503,771,300,1291,384
"386","Banggai Kepulauan",4590,82,945,306,NA,22,364,76,117,1297,295,154,735,198
"387","Banggai",3802,210,587,303,16,NA,300,70,162,785,370,92,485,421
"388","Morowali",5080,506,308,667,320,NA,119,187,90,829,281,299,991,484
"389","Poso",4629,162,65,321,102,4,403,53,135,1299,789,258,555,485
"390","Donggala",4032,129,776,184,7,NA,151,127,106,1065,270,255,765,198
"391","Toli-Toli",3208,188,843,150,NA,NA,224,45,65,833,249,248,99,264
"392","Buol",4116,214,762,196,NA,NA,160,85,39,978,404,127,557,594
"393","Parigi Moutong",4496,246,804,338,15,19,538,72,58,901,254,295,763,195
"394","Tojo Una-Una",2915,70,267,136,26,NA,282,46,308,1038,360,233,77,72
"395","Sigi",4313,125,587,180,21,2,688,41,91,811,423,198,1025,122
"396","Banggai Laut",4718,105,1131,204,0,23,617,124,47,1172,162,259,740,135
"397","Morowali Utara",5375,260,377,488,101,13,909,190,201,1122,537,284,601,292
"398","Kota Palu",7136,357,1116,1118,11,3,240,53,96,843,687,580,1207,825
"399","Kepulauan Selayar",5225,54,95,611,202,48,63,69,382,2495,201,22,109,874
"400","Bulukumba",8125,178,64,908,2544,75,1786,91,379,1320,296,82,136,266
"401","Bantaeng",6696,444,241,306,2248,176,1071,36,607,1078,207,64,14,202
"402","Jeneponto",4079,162,81,357,836,38,340,38,344,1236,139,10,160,337
"403","Takalar",4555,231,56,456,447,17,464,243,59,1906,301,19,159,198
"404","Gowa",4774,334,61,710,910,33,364,177,246,1021,298,50,189,381
"405","Sinjai",7752,188,43,232,2332,190,1142,147,329,1842,315,8,278,706
"406","Maros",5232,312,97,619,693,34,472,356,191,1244,280,13,165,755
"407","Pangkajene dan Kepulauan",4390,323,134,543,811,9,201,352,212,1162,277,53,23,291
"408","Barru",2577,107,50,286,246,25,54,139,54,1086,127,28,148,228
"409","Bone",2985,118,82,283,292,6,153,112,113,1259,151,42,139,235
"410","Soppeng",3545,94,126,293,175,7,294,127,73,1551,314,87,165,238
"411","Wajo",3573,177,175,408,141,27,55,170,51,1582,111,109,334,233
"412","Sidenreng Rappang",4085,235,92,654,571,22,391,327,86,1091,208,82,134,192
"413","Pinrang",3606,149,47,448,74,2,239,265,73,1151,315,98,418,326
"414","Enrekang",3572,284,101,159,568,5,352,151,295,880,360,24,26,368
"415","Luwu",3376,102,117,360,70,NA,316,163,43,1056,300,131,451,268
"416","Tana Toraja",3318,461,22,181,90,NA,267,92,285,833,258,48,412,370
"417","Luwu Utara",3689,249,36,241,44,NA,353,88,75,1022,160,228,786,406
"418","Luwu Timur",4866,459,58,1093,45,NA,255,230,231,952,443,252,95,754
"419","Toraja Utara",3568,391,64,433,71,NA,129,79,300,1194,445,39,67,356
"420","Kota Makasar",6813,852,330,1032,654,48,538,193,400,980,617,136,282,751
"421","Kota Parepare",6178,446,150,1215,89,NA,479,264,93,1507,546,95,518,776
"422","Kota Palopo",4074,382,112,549,35,NA,442,92,97,845,530,220,26,744
"423","Buton",2873,109,104,78,167,6,134,253,280,1109,190,64,189,191
"424","Muna",3650,76,3,480,250,25,39,205,190,1386,259,186,236,316
"425","Konawe",3714,242,95,755,83,5,142,178,175,880,176,340,297,346
"426","Kolaka",3933,207,47,452,38,NA,349,129,71,1129,335,342,274,560
"427","Konawe Selatan",3766,183,63,571,69,NA,217,297,103,979,149,241,553,341
"428","Bombana",3073,124,56,461,65,NA,144,184,56,1175,167,116,115,409
"429","Wakatobi",3465,102,22,324,14,6,34,17,103,1695,252,171,374,352
"430","Kolaka Utara",4837,275,259,361,213,27,566,112,42,1557,172,262,477,513
"431","Buton Utara",3222,27,47,272,111,NA,12,178,218,1359,219,55,430,295
"432","Konawe Utara",5046,177,301,758,94,NA,574,301,113,1191,175,297,621,442
"433","Kolaka Timur",4062,74,88,330,315,68,330,296,108,1049,219,234,597,353
"434","Konawe Kepulauan",2434,70,133,173,163,5,54,108,17,1089,70,95,446,12
"435","Muna Barat",3295,102,85,241,188,18,77,197,157,1360,397,132,99,242
"436","Buton Tengah",2988,113,244,344,152,NA,NA,82,160,727,339,88,242,498
"437","Buton Selatan",2088,51,53,50,398,51,23,25,142,771,181,131,91,119
"438","Kota Kendari",6529,303,300,1157,114,NA,104,210,339,1087,598,458,809,1051
"439","Kota Baubau",5288,344,101,770,130,49,176,194,275,1252,281,246,683,787
"440","Boalemo",3411,114,1002,214,58,13,78,75,159,885,285,433,NA,94
"441","Gorontalo",4324,86,511,493,68,5,136,128,283,1467,642,230,64,210
"442","Pohuwato",3463,143,810,441,53,NA,403,45,50,747,317,279,21,153
"443","Bone Bolango",4923,103,1167,574,38,8,233,45,200,1341,817,251,NA,145
"444","Gorontalo Utara",3267,53,550,367,16,NA,240,58,133,1163,422,161,2,102
"445","Kota Gorontalo",5377,282,900,682,67,32,47,39,206,1237,762,371,5,748
"446","Majene",3230,143,10,220,114,11,40,82,254,1152,481,150,327,245
"447","Polewali Mandar",3504,152,24,361,134,14,607,85,94,1132,284,110,354,154
"448","Mamasa",1937,119,22,61,NA,NA,12,32,307,577,121,50,466,170
"449","Mamuju",2763,291,143,303,37,NA,63,93,121,679,144,301,364,223
"450","Mamuju Utara",5234,484,564,588,72,NA,426,167,177,969,284,493,418,594
"451","Mamuju Tengah",4305,439,310,277,54,3,70,173,113,929,330,351,470,786
"452","Maluku Tenggara Barat",2429,81,214,236,NA,NA,NA,46,463,812,225,89,113,149
"453","Maluku Tenggara",5313,206,81,120,7,NA,NA,255,1100,2325,810,72,31,306
"454","Maluku Tengah",4335,394,1367,259,29,NA,NA,317,363,734,350,89,162,271
"455","Buru",3521,530,384,157,41,NA,96,216,290,662,323,87,301,435
"456","Kepulauan Aru",3133,206,269,355,NA,NA,NA,236,251,1191,273,125,15,212
"457","Seram Bagian Barat",3389,214,733,95,31,NA,NA,129,348,1004,149,170,111,404
"458","Seram Bagian Timur",3472,196,228,259,NA,0,NA,279,848,1041,336,162,20,103
"459","Maluku Barat Daya",4625,168,360,478,NA,NA,NA,13,526,1721,924,329,15,90
"460","Buru Selatan",4292,257,1123,42,2,NA,NA,81,336,1634,246,45,322,204
"461","Kota Ambon",8459,562,2319,858,21,NA,9,257,369,1069,847,541,749,859
"462","Kota Tual",3580,192,185,433,15,NA,15,213,283,1117,449,146,15,516
"463","Halmahera Barat",5532,151,222,193,50,338,118,267,72,2375,417,260,883,188
"464","Halmahera Tengah",4614,453,838,427,86,86,8,299,114,1654,224,273,12,139
"465","Kepulauan Sula",3337,132,832,275,1,NA,191,17,272,1240,76,223,NA,78
"466","Halmahera Selatan",4411,58,304,295,NA,9,10,191,111,3024,173,84,NA,151
"467","Halmahera Utara",4781,198,234,288,14,219,94,206,158,1877,629,271,408,183
"468","Halmahera Timur",6187,386,1826,396,NA,NA,NA,90,48,1840,394,449,234,524
"469","Pulau Morotai",5109,170,64,525,NA,65,NA,119,171,3067,301,191,245,193
"470","Pulau Taliabu",3188,46,1183,11,NA,NA,191,39,93,1415,49,39,83,38
"471","Kota Ternate",6671,718,794,1061,79,76,124,323,105,1405,620,736,2,627
"472","Kota Tidore Kepulauan",5941,356,804,552,17,24,32,423,150,1960,812,347,15,448
"473","Fakfak",6544,596,2024,463,NA,NA,121,257,584,1072,478,347,202,401
"474","Kaimana",6192,543,500,490,NA,NA,NA,605,577,2074,475,238,179,511
"475","Teluk Wondama",5472,392,1783,147,NA,33,30,3,96,2020,334,11,246,376
"476","Teluk Bintuni",6292,716,656,925,131,30,NA,358,621,1174,550,338,173,621
"477","Manokwari",6111,666,476,580,187,260,53,137,514,978,869,430,35,927
"478","Sorong Selatan",3961,136,188,31,2,20,NA,385,329,1660,533,114,8,555
"479","Sorong",8672,910,1420,740,NA,78,NA,348,320,1683,1064,832,7,1271
"480","Raja Ampat",4779,332,305,228,11,NA,NA,257,440,2035,594,78,50,449
"481","Tambrauw",3988,132,67,174,NA,NA,NA,66,764,1890,650,NA,141,104
"482","Maybrat",5360,158,209,174,155,NA,60,171,542,1325,1247,118,60,1143
"483","Manokwari Selatan",5451,461,1071,119,899,27,17,94,365,1235,540,100,53,469
"484","Pegunungan Arfak",3250,368,187,NA,66,193,NA,8,132,275,177,109,22,1713
"485","Kota Sorong",7500,950,1428,987,67,21,NA,463,340,1277,483,715,63,708
"486","Merauke",7153,725,8,573,711,2,95,134,443,1814,609,427,129,1484
"487","Jayawijaya",5945,2054,NA,376,NA,NA,NA,50,1572,1605,163,NA,16,110
"488","Jayapura",5984,747,226,197,226,117,NA,239,292,1361,774,155,316,1336
"489","Nabire",7882,709,3305,524,111,NA,260,191,398,530,515,481,104,755
"490","Kepulauan Yapen",8164,356,1215,176,100,138,2944,26,398,1279,395,233,113,793
"491","Biak Numfor",5116,311,347,259,1,21,856,10,479,655,1157,115,600,306
"492","Paniai",2073,884,NA,NA,NA,NA,NA,NA,80,229,2,NA,NA,877
"493","Puncak Jaya",4135,69,315,328,NA,NA,NA,NA,1962,387,865,166,NA,43
"494","Mimika",7295,1406,672,912,483,80,154,370,229,1091,560,582,191,565
"495","Boven Digoel",2537,306,23,144,333,NA,107,34,168,993,168,70,78,114
"496","Mappi",2897,519,73,224,237,126,358,NA,137,836,242,1,11,133
"497","Asmat",4840,194,136,282,37,NA,NA,18,482,2510,603,9,NA,568
"498","Yahukimo",9063,120,NA,NA,NA,NA,NA,NA,1806,3127,712,NA,NA,3298
"499","Pegunungan Bintang",2735,NA,62,NA,NA,NA,NA,NA,1432,1046,25,NA,NA,170
"500","Tolikara",4341,1988,NA,NA,NA,NA,NA,NA,405,895,885,NA,NA,169
"501","Sarmi",3035,129,160,36,227,4,24,51,255,980,389,35,713,30
"502","Keerom",3214,434,67,164,54,8,NA,50,161,1044,440,273,264,256
"503","Waropen",4976,307,622,29,71,NA,365,243,557,2046,383,82,47,224
"504","Supiori",4902,68,NA,50,32,2,1932,145,1321,667,526,14,86,58
"505","Mamberamo Raya",5326,796,31,NA,134,31,82,31,1082,1971,633,NA,531,3
"506","Nduga",8939,26,NA,NA,NA,NA,NA,21,590,7539,36,NA,222,506
"507","Lanny Jaya",9451,1394,NA,NA,NA,NA,NA,NA,NA,7395,12,NA,100,551
"508","Mamberamo Tengah",10569,5369,NA,NA,NA,NA,NA,NA,22,5107,29,NA,NA,43
"509","Yalimo",8033,502,NA,NA,23,NA,NA,5,212,6915,130,21,1,226
"510","Puncak",1787,605,NA,NA,NA,NA,NA,NA,NA,573,NA,NA,NA,610
"511","Dogiyai",1435,808,51,NA,NA,NA,NA,NA,126,27,3,NA,17,404
"512","Intan Jaya",4783,3144,NA,NA,NA,NA,NA,NA,7,3,NA,NA,NA,1629
"513","Deiyai",3604,2020,NA,NA,NA,NA,NA,NA,1,69,NA,NA,NA,1514
"514","Kota Jayapura",5214,778,243,480,70,475,75,122,261,819,738,426,356,372
